Minutes, Torq (N-m),Km/h,Watts,Km,Cadence,Hrate,ID
0.021,51.973,6.972,300,0.006,53,121,0
0.042,44.742,12.199,452,0.011,34,122,0
0.063,31.636,15.171,397,0.017,29,124,0
0.084,21.693,18.574,334,0.023,48,126,0
0.105,23.388,21.235,411,0.032,56,129,0
0.126,20.789,24.499,422,0.04,72,130,0
0.147,21.241,25.867,455,0.048,79,133,0
0.168,12.428,27.653,285,0.059,82,136,0
0.189,12.767,27.347,289,0.067,85,141,0
0.21,13.897,27.146,312,0.078,82,143,0
0.231,19.094,27.296,432,0.086,84,145,0
0.252,17.4,27.146,391,0.097,84,151,0
0.273,17.626,27.296,398,0.105,82,152,0
0.294,12.767,27.499,291,0.116,84,154,0
0.315,10.282,27.55,235,0.124,82,155,0
0.336,8.135,27.55,186,0.135,87,158,0
0.357,9.491,27.653,217,0.145,84,159,0
0.378,8.474,27.808,195,0.154,65,160,0
0.399,8.587,28.019,199,0.164,87,162,0
0.42,5.762,28.178,134,0.175,68,162,0
0.441,8.135,28.232,190,0.183,49,162,0
0.462,6.779,28.559,160,0.194,88,163,0
0.483,6.101,28.449,144,0.204,89,164,0
0.504,6.779,28.725,161,0.213,68,164,0
0.525,10.734,29.006,258,0.223,89,164,0
0.546,7.231,29.526,177,0.234,89,165,0
0.567,6.101,29.823,151,0.245,87,165,0
0.588,6.666,30.065,166,0.255,70,165,0
0.609,6.779,30.373,170,0.266,72,166,0
0.63,5.423,30.311,136,0.276,89,166,0
0.651,4.519,30.187,113,0.287,72,166,0
0.672,7.796,30.187,195,0.297,53,167,0
0.693,8.474,30.311,213,0.308,93,167,0
0.714,5.423,30.435,137,0.318,89,167,0
0.735,5.423,30.624,138,0.329,98,167,0
0.756,5.423,30.624,138,0.341,72,167,0
0.777,5.875,30.687,149,0.352,111,167,0
0.798,9.378,30.687,238,0.363,128,166,0
0.819,7.231,30.879,185,0.373,95,167,0
0.84,6.779,30.751,173,0.384,90,167,0
0.861,5.875,30.687,149,0.394,93,167,0
0.882,7.683,30.498,194,0.405,62,167,0
0.903,6.779,30.751,173,0.415,71,167,0
0.924,6.892,30.687,175,0.426,73,167,0
0.945,6.327,30.815,161,0.436,98,167,0
0.966,6.101,30.687,155,0.449,63,167,0
0.987,4.745,30.498,120,0.46,52,168,0
1.008,4.971,30.373,125,0.47,93,167,0
1.029,4.519,30.126,113,0.481,74,167,0
1.05,4.406,30.004,109,0.491,103,168,0
1.071,3.277,29.703,81,0.502,80,168,0
1.092,1.243,29.234,30,0.51,82,167,0
1.113,0,28.449,0,0.521,0,167,0
1.134,0,27.448,0,0.531,0,167,0
1.155,0,27.448,0,0.542,0,167,0
1.176,0,24.54,0,0.55,0,166,0
1.197,0,21.296,0,0.557,0,165,0
1.218,0,18.01,0,0.563,0,163,0
1.239,0,15.537,0,0.569,0,162,0
1.26,24.405,13.426,271,0.573,64,160,0
1.281,24.405,13.426,271,0.578,64,159,0
1.302,21.693,21.174,380,0.586,57,158,0
1.323,18.417,23.984,366,0.594,67,158,0
1.344,22.371,26.049,482,0.603,77,158,0
1.365,12.541,28.394,295,0.613,85,158,0
1.386,7.231,28.449,170,0.624,83,159,0
1.407,9.717,28.614,230,0.632,85,160,0
1.428,10.96,28.949,263,0.643,87,160,0
1.449,7.683,29.35,187,0.653,89,162,0
1.47,8.135,29.177,197,0.664,90,162,0
1.491,7.231,29.177,175,0.675,89,162,0
1.512,6.892,28.949,165,0.685,99,163,0
1.533,6.327,28.78,151,0.694,87,164,0
1.554,8.361,28.949,200,0.704,87,164,0
1.575,9.039,29.062,217,0.715,87,164,0
1.596,7.683,29.062,185,0.725,90,164,0
1.617,8.587,29.006,206,0.736,89,164,0
1.638,9.943,28.893,238,0.744,87,164,0
1.659,8.7,28.725,207,0.755,88,165,0
1.68,8.135,28.559,192,0.765,86,165,0
1.701,9.491,28.449,224,0.776,87,165,0
1.722,9.717,28.286,228,0.784,85,165,0
1.743,9.943,28.178,232,0.795,96,165,0
1.764,9.491,27.601,217,0.805,86,165,0
1.785,8.7,27.097,195,0.814,81,165,0
1.806,9.83,26.998,220,0.824,82,165,0
1.827,12.089,27.448,275,0.833,83,165,0
1.848,7.57,27.55,173,0.843,94,165,0
1.869,8.135,27.347,184,0.852,82,165,0
1.89,6.892,27.347,156,0.862,83,166,0
1.911,7.683,27.448,175,0.871,108,166,0
1.932,6.327,27.808,146,0.881,113,166,0
1.953,5.197,27.913,120,0.892,114,166,0
1.974,5.197,27.756,119,0.9,84,167,0
1.995,5.875,27.499,134,0.911,86,167,0
2.016,7.231,27.296,163,0.919,84,167,0
2.037,6.214,27.448,141,0.93,82,167,0
2.058,6.101,27.808,140,0.938,93,167,0
2.079,5.536,27.966,128,0.949,88,167,0
2.1,4.971,28.125,116,0.959,93,167,0
2.121,4.18,28.072,97,0.968,113,166,0
2.142,4.18,28.072,97,0.976,113,166,0
2.163,4.293,28.286,101,0.987,90,166,0
2.184,4.519,28.394,106,0.997,85,166,0
2.205,4.293,28.836,103,1.006,75,165,0
2.226,3.39,29.644,83,1.016,76,165,0
2.247,4.858,30.435,122,1.027,91,164,0
2.268,4.067,31.536,106,1.039,84,163,0
2.289,4.067,32.292,109,1.05,99,162,0
2.31,4.406,32.719,119,1.06,90,161,0
2.331,4.293,33.233,118,1.073,79,161,0
2.352,3.728,33.159,102,1.084,105,159,0
2.373,3.841,33.011,105,1.096,124,159,0
2.394,4.519,32.864,123,1.107,133,159,0
2.415,5.649,32.013,150,1.119,109,158,0
2.436,7.118,32.013,189,1.13,81,158,0
2.457,4.858,32.719,132,1.14,102,157,0
2.478,4.858,32.504,131,1.153,89,157,0
2.499,5.988,31.944,158,1.164,95,157,0
2.52,7.231,31.536,189,1.174,108,157,0
2.541,6.892,31.138,178,1.187,124,156,0
2.562,6.327,30.751,161,1.197,193,156,0
2.583,7.683,30.561,194,1.208,116,157,0
2.604,6.44,30.498,163,1.218,91,157,0
2.625,5.31,30.943,136,1.229,105,156,0
2.646,5.649,31.738,148,1.24,94,157,0
2.667,6.327,32.082,168,1.252,108,157,0
2.688,4.971,31.807,131,1.263,109,157,0
2.709,5.762,31.536,150,1.273,105,157,0
2.73,6.327,31.402,165,1.284,124,157,0
2.751,6.666,31.073,171,1.294,95,158,0
2.772,7.457,30.624,189,1.305,95,158,0
2.793,7.231,30.249,181,1.315,126,158,0
2.814,8.587,30.126,214,1.326,105,158,0
2.835,7.231,29.943,179,1.336,89,158,0
2.856,6.553,30.065,163,1.347,103,159,0
2.877,5.31,30.004,132,1.358,60,159,0
2.898,5.875,30.373,148,1.368,106,159,0
2.919,5.197,30.624,132,1.381,103,160,0
2.94,4.293,30.815,110,1.391,80,159,0
2.961,3.954,30.943,101,1.402,66,159,0
2.982,6.44,31.073,166,1.412,67,158,0
3.003,5.31,31.073,137,1.423,116,158,0
3.024,7.457,30.751,190,1.433,109,158,0
3.045,7.344,30.435,185,1.444,118,158,0
3.066,9.039,30.561,229,1.455,99,158,0
3.087,7.231,30.373,182,1.465,91,158,0
3.108,6.214,29.943,154,1.476,90,159,0
3.129,7.457,29.467,182,1.486,90,158,0
3.15,9.039,29.177,218,1.497,88,158,0
3.171,8.135,28.949,195,1.507,102,159,0
3.192,9.491,28.614,225,1.518,86,159,0
3.213,10.96,28.614,260,1.526,86,158,0
3.234,5.649,28.34,133,1.537,99,159,0
3.255,7.231,27.966,167,1.547,98,160,0
3.276,14.688,28.125,342,1.556,85,160,0
3.297,15.366,28.893,368,1.566,88,161,0
3.318,12.089,29.703,297,1.577,88,162,0
3.339,11.976,30.249,300,1.587,90,162,0
3.36,5.423,30.373,136,1.598,102,162,0
3.381,6.101,30.187,152,1.608,99,162,0
3.402,6.666,29.823,165,1.619,91,164,0
3.423,5.988,29.526,146,1.629,103,164,0
3.444,5.988,29.177,145,1.64,95,165,0
3.465,8.135,28.949,195,1.651,89,166,0
3.486,6.327,28.725,150,1.659,98,166,0
3.507,4.632,28.504,109,1.67,108,166,0
3.528,4.971,28.34,117,1.68,98,166,0
3.549,4.067,28.559,96,1.691,96,167,0
3.57,3.616,28.725,86,1.699,94,167,0
3.591,4.519,28.949,108,1.71,120,166,0
3.61199,3.841,29.12,93,1.72,116,166,0
3.63299,5.197,29.234,126,1.731,152,165,0
3.65399,5.875,28.949,141,1.741,108,165,0
3.67499,5.762,28.34,135,1.75,84,164,0
3.69599,5.988,27.601,137,1.76,84,163,0
3.71699,6.553,27.047,147,1.769,84,162,0
3.73799,7.683,26.61,169,1.779,82,161,0
3.75899,6.553,26.706,145,1.788,76,160,0
3.77999,8.248,26.949,184,1.798,81,159,0
3.80099,8.135,27.499,185,1.807,82,159,0
3.82199,6.779,27.861,156,1.817,105,159,0
3.84299,4.971,28.019,115,1.828,91,158,0
3.86399,5.084,28.232,119,1.836,67,158,0
3.88499,6.101,28.725,145,1.847,83,158,0
3.90599,4.519,29.12,109,1.857,77,158,0
3.92699,3.728,29.35,91,1.868,86,159,0
3.94799,4.519,29.763,111,1.878,90,158,0
3.96899,3.616,30.126,90,1.889,120,158,0
3.98999,4.18,30.373,105,1.899,118,158,0
4.01099,5.31,30.498,134,1.91,116,158,0
4.03199,6.44,30.187,161,1.92,80,158,0
4.05299,6.553,29.763,161,1.931,122,158,0
4.07399,9.152,29.526,224,1.941,98,159,0
4.09499,8.248,29.35,200,1.952,100,158,0
4.11599,5.762,28.893,138,1.96,102,158,0
4.13699,6.892,28.34,162,1.971,98,158,0
4.15799,7.231,28.125,168,1.982,96,158,0
4.17899,7.457,28.286,175,1.992,86,158,0
4.19999,7.457,28.286,175,2.003,86,157,0
4.22099,7.909,28.504,187,2.013,87,157,0
4.24199,7.118,28.614,169,2.024,86,157,0
4.26299,9.491,28.559,224,2.032,85,157,0
4.28399,12.089,28.78,288,2.043,95,157,0
4.30499,5.762,29.062,139,2.053,86,158,0
4.32599,5.875,28.949,141,2.064,89,158,0
4.34699,4.18,28.836,100,2.074,114,158,0
4.36799,3.503,28.449,83,2.083,88,159,0
4.38899,2.486,28.019,58,2.093,133,159,0
4.40999,1.808,27.448,41,2.104,156,159,0
4.43099,1.356,26.949,30,2.112,85,158,0
4.45199,0,26.373,0,2.121,0,157,0
4.47299,0,25.643,0,2.131,0,157,0
4.49399,0,23.791,0,2.138,0,156,0
4.51499,0,19.554,0,2.144,0,153,0
4.53599,0,14.675,0,2.148,0,153,0
4.55699,0,9.526,0,2.15,0,152,0
4.57799,0.113,5.254,0,2.152,0,151,0
4.59899,48.922,3.851,156,2.154,74,150,0
4.61999,37.398,11.517,357,2.159,55,149,0
4.64099,36.607,16.163,490,2.165,45,150,0
4.66199,29.602,19.426,476,2.171,47,150,0
4.68299,19.32,21.669,347,2.18,61,150,0
4.70399,21.128,23.378,409,2.186,69,151,0
4.72499,18.868,25.912,405,2.197,74,151,0
4.74599,9.83,27.196,221,2.205,86,152,0
4.76699,6.553,27.756,151,2.216,85,153,0
4.78799,6.101,28.019,142,2.226,84,154,0
4.80899,4.519,27.861,104,2.234,87,155,0
4.82999,6.214,27.653,142,2.245,84,156,0
4.85099,6.327,27.499,144,2.253,65,156,0
4.87199,6.666,27.653,153,2.264,84,156,0
4.89299,6.892,27.601,158,2.275,85,155,0
4.91399,6.892,28.125,160,2.283,93,155,0
4.93499,6.666,27.756,153,2.294,86,156,0
4.95599,6.327,27.653,145,2.302,84,156,0
4.97699,5.762,27.653,132,2.312,71,156,0
4.99799,4.632,27.756,106,2.323,106,157,0
5.01899,5.536,27.808,127,2.331,67,157,0
5.03999,5.31,28.019,123,2.342,109,158,0
5.06099,6.214,28.072,144,2.353,86,159,0
5.08199,6.214,28.072,144,2.363,86,159,0
5.10299,5.649,28.286,132,2.374,95,159,0
5.12399,5.31,28.669,126,2.384,86,160,0
5.14499,3.841,28.836,92,2.395,100,160,0
5.16599,4.406,28.836,105,2.403,88,160,0
5.18699,6.779,28.949,162,2.414,96,161,0
5.20799,6.327,29.292,153,2.424,99,161,0
5.22899,3.954,29.883,98,2.435,103,161,0
5.24999,5.875,30.126,147,2.445,131,161,0
5.27099,7.344,30.065,183,2.456,91,161,0
5.29199,6.779,29.883,168,2.466,93,160,0
5.31299,8.587,29.823,212,2.477,76,161,0
5.33399,9.83,30.065,245,2.487,90,160,0
5.35499,13.897,30.815,355,2.498,94,160,0
5.37599,13.671,31.603,358,2.509,95,161,0
5.39699,11.976,32.221,320,2.521,96,161,0
5.41799,8.813,32.719,239,2.532,98,161,0
5.43899,6.666,32.576,180,2.542,100,162,0
5.45999,8.926,32.292,239,2.555,99,162,0
5.48099,12.993,32.719,352,2.565,100,162,0
5.50199,11.863,33.458,329,2.578,99,163,0
5.52299,11.411,33.84,320,2.589,103,164,0
5.54399,8.361,34.152,236,2.601,103,164,0
5.56499,7.231,34.631,207,2.614,105,165,0
5.58599,6.327,34.712,182,2.627,106,166,0
5.60699,3.841,34.55,110,2.637,109,166,0
5.62799,3.503,34.152,99,2.65,102,167,0
5.64899,3.051,33.686,85,2.662,113,168,0
5.66999,2.599,33.383,72,2.673,106,168,0
5.69099,3.051,32.647,82,2.686,136,168,0
5.71199,3.841,32.221,102,2.696,131,168,0
5.73299,4.406,31.738,116,2.707,96,167,0
5.75399,4.18,31.073,108,2.717,102,167,0
5.77499,4.406,30.751,112,2.728,103,167,0
5.79599,5.649,30.498,143,2.74,105,166,0
5.81699,5.988,30.311,150,2.751,68,166,0
5.83799,4.858,30.126,121,2.761,122,166,0
5.85899,5.988,29.883,148,2.77,100,165,0
5.87999,5.988,29.883,148,2.778,100,165,0
5.90099,7.005,29.763,173,2.789,105,164,0
5.92199,6.214,29.823,153,2.799,98,164,0
5.94299,5.31,29.703,131,2.81,84,163,0
5.96398,6.553,29.585,161,2.821,90,163,0
5.98498,5.762,29.467,141,2.831,72,163,0
6.00598,6.44,29.12,155,2.842,103,163,0
6.02698,9.265,28.949,222,2.852,83,162,0
6.04798,9.83,29.177,237,2.863,93,162,0
6.06898,9.039,29.292,219,2.871,89,162,0
6.08998,7.796,29.467,190,2.882,89,162,0
6.11098,7.796,29.467,190,2.892,89,161,0
6.13198,5.084,28.949,122,2.903,80,162,0
6.15298,7.57,29.12,183,2.913,106,161,0
6.17398,5.875,29.292,142,2.924,84,161,0
6.19498,6.779,29.062,163,2.932,81,161,0
6.21598,6.892,28.725,164,2.943,88,161,0
6.23698,6.101,28.559,144,2.953,88,160,0
6.25798,5.31,28.232,124,2.964,99,160,0
6.27898,9.83,28.019,228,2.972,87,160,0
6.29998,8.474,27.601,194,2.983,86,160,0
6.32098,5.31,27.347,120,2.991,84,159,0
6.34198,3.503,26.61,77,3.002,68,159,0
6.36298,2.26,25.867,48,3.01,108,159,0
6.38398,0.339,24.953,7,3.019,0,158,0
6.40498,0,24.179,0,3.027,0,158,0
6.42598,0,23.715,0,3.036,0,157,0
6.44698,0,18.574,0,3.042,0,156,0
6.46798,1.469,10.748,13,3.044,69,153,0
6.48898,5.988,5.763,29,3.046,40,153,0
6.50998,1.017,5.763,5,3.046,40,153,0
6.53098,7.683,5.763,37,3.048,61,151,0
6.55198,32.992,5.763,157,3.048,159,151,0
6.57298,34.799,0,-1,3.048,0,151,0
6.59398,28.585,6.023,-1,3.05,0,151,0
6.61498,38.867,5.309,171,3.054,39,151,0
6.63598,42.595,16.27,574,3.061,34,151,0
6.65698,23.501,21.296,414,3.069,58,152,0
6.67798,19.772,24.022,393,3.078,72,152,0
6.69898,12.541,26.141,271,3.086,82,152,0
6.71998,8.474,25.599,180,3.095,82,153,0
6.74098,10.056,25.958,216,3.105,84,154,0
6.76198,9.604,26.373,210,3.114,84,156,0
6.78298,8.7,26.61,192,3.122,84,157,0
6.80398,6.892,26.851,153,3.132,87,157,0
6.82498,6.101,26.658,135,3.141,80,158,0
6.84598,8.022,26.562,176,3.151,87,159,0
6.86698,7.57,26.61,167,3.16,85,160,0
6.88798,9.943,26.803,221,3.17,88,160,0
6.90898,7.909,26.803,176,3.179,84,160,0
6.92998,8.022,26.851,178,3.187,89,161,0
6.95098,8.926,26.9,199,3.198,100,161,0
6.97198,7.909,27.146,178,3.206,102,162,0
6.99298,7.005,27.047,157,3.217,95,162,0
7.01398,7.57,26.949,169,3.225,100,162,0
7.03498,8.248,26.803,183,3.236,86,163,0
7.05598,6.892,26.373,150,3.244,84,163,0
7.07698,7.118,26.141,154,3.255,84,163,0
7.09798,6.44,25.822,138,3.263,93,163,0
7.11898,6.44,25.643,137,3.272,109,163,0
7.13998,5.988,25.511,126,3.28,72,164,0
7.16098,7.344,25.555,155,3.291,103,164,0
7.18198,6.44,25.688,137,3.299,81,163,0
7.20298,7.796,25.555,165,3.307,95,163,0
7.22398,5.988,25.337,126,3.316,65,163,0
7.24498,2.147,25.293,45,3.324,120,164,0
7.26598,0.226,24.459,5,3.335,0,164,0
7.28698,3.051,23.639,60,3.341,126,164,0
7.30798,16.948,24.061,338,3.35,91,163,0
7.32898,13.445,25.643,285,3.36,69,163,0
7.34998,14.123,26.998,316,3.369,102,163,0
7.37098,14.462,27.808,333,3.379,75,163,1
7.39198,9.604,29.062,231,3.39,108,163,1
7.41298,16.27,30.624,413,3.4,95,164,1
7.43398,12.654,32.013,335,3.411,89,164,1
7.45498,13.671,33.233,376,3.423,93,164,1
7.47598,15.253,34.631,437,3.434,96,165,1
7.49698,10.508,35.888,312,3.447,99,165,1
7.51798,10.395,36.417,313,3.461,84,166,1
7.53898,11.298,36.962,346,3.474,93,167,1
7.55998,8.7,37.335,269,3.487,93,168,1
7.58098,10.508,37.335,325,3.499,95,169,1
7.60198,12.428,37.335,384,3.512,95,170,1
7.62298,13.897,37.908,436,3.527,95,171,1
7.64398,10.734,38.498,342,3.539,95,171,1
7.66498,7.344,38.599,235,3.552,98,172,1
7.68598,9.717,38.699,311,3.567,95,173,1
7.70698,10.847,38.801,348,3.579,99,173,1
7.72798,14.236,39.108,461,3.594,102,174,1
7.74898,12.089,39.108,391,3.607,98,174,1
7.76998,12.315,39.315,401,3.622,100,175,1
7.79098,10.96,39.108,355,3.634,98,175,1
7.81198,10.96,39.005,354,3.649,102,176,1
7.83298,9.83,38.903,317,3.662,99,176,1
7.85398,11.073,38.903,357,3.676,99,177,1
7.87498,9.604,38.699,308,3.689,98,177,1
7.89598,10.621,38.699,340,3.702,100,178,1
7.91698,10.508,38.498,335,3.716,79,179,1
7.93798,10.056,38.399,320,3.729,96,179,1
7.95898,8.7,38.201,275,3.744,98,180,1
7.97998,9.717,38.399,309,3.756,96,180,1
8.00098,9.265,38.599,296,3.769,95,181,1
8.02198,11.637,39.108,377,3.784,102,181,1
8.04298,11.298,39.951,374,3.799,98,181,1
8.06398,10.96,40.832,371,3.811,105,181,1
8.08498,8.474,41.402,290,3.826,103,182,1
8.10598,6.327,41.752,219,3.841,106,182,1
8.12698,9.83,41.287,336,3.856,106,182,1
8.14798,14.123,41.172,481,3.87,108,182,1
8.16898,10.056,41.172,343,3.885,99,182,1
8.18998,8.587,41.287,294,3.9,105,182,1
8.21098,11.637,41.172,397,3.912,98,183,1
8.23198,9.717,41.402,333,3.927,99,183,1
8.25298,9.83,40.944,333,3.942,98,183,1
8.27398,11.411,40.497,383,3.957,98,183,1
8.29498,11.976,40.387,400,3.969,98,183,1
8.31598,12.315,40.277,411,3.984,95,184,1
8.33698,10.96,40.497,367,3.999,95,184,1
8.35798,10.395,40.168,346,4.014,96,184,1
8.37897,10.169,39.951,336,4.026,96,185,1
8.39997,10.056,39.737,331,4.041,94,184,1
8.42097,11.073,39.737,364,4.054,95,185,1
8.44197,10.96,39.631,360,4.068,94,185,1
8.46297,10.734,39.211,348,4.081,94,185,1
8.48397,12.428,38.903,400,4.096,93,185,1
8.50497,10.734,38.498,342,4.108,91,185,1
8.52597,12.993,38.103,410,4.123,93,185,1
8.54697,13.332,38.299,423,4.136,91,185,1
8.56797,10.96,38.801,352,4.149,88,185,1
8.58897,10.169,38.903,328,4.163,95,185,1
8.60997,10.056,39.525,329,4.176,95,185,1
8.63097,6.553,40.059,217,4.191,91,185,1
8.65197,9.604,40.277,320,4.205,82,185,1
8.67297,10.056,40.719,339,4.22,95,186,1
8.69397,11.411,41.402,391,4.233,98,186,1
8.71497,9.604,41.518,330,4.248,102,186,1
8.73597,10.395,40.719,350,4.262,100,186,1
8.75697,10.621,40.277,354,4.277,95,186,1
8.77797,10.056,39.737,331,4.29,98,186,1
8.79897,11.863,39.315,386,4.305,94,186,1
8.81997,11.411,39.211,370,4.317,93,186,1
8.84097,10.395,39.211,337,4.332,91,186,1
8.86197,10.621,39.315,346,4.345,95,187,1
8.88297,12.654,39.42,413,4.359,95,187,1
8.90397,9.604,39.42,313,4.372,90,187,1
8.92497,11.185,39.005,361,4.387,95,187,1
8.94597,10.395,39.108,337,4.399,91,187,1
8.96697,9.83,39.108,318,4.414,93,187,1
8.98797,10.96,39.211,356,4.427,96,187,1
9.00897,11.185,39.315,364,4.442,93,187,1
9.02997,11.863,39.844,391,4.456,96,187,1
9.05097,9.152,40.497,307,4.469,95,187,1
9.07197,10.508,40.497,352,4.484,96,187,1
9.09297,10.056,40.832,340,4.498,96,187,1
9.11397,10.508,41.172,358,4.513,99,187,1
9.13497,7.231,41.402,248,4.528,96,187,1
9.15597,7.231,41.402,248,4.543,96,188,1
9.17697,10.282,41.058,350,4.557,99,188,1
9.19797,12.315,41.87,427,4.572,98,187,1
9.21897,10.056,42.228,352,4.587,102,187,1
9.23997,8.587,42.47,302,4.602,100,187,1
9.26097,8.7,42.714,308,4.617,106,188,1
9.28197,9.152,42.962,326,4.631,105,188,1
9.30297,7.344,42.962,261,4.648,96,188,1
9.32397,9.378,42.592,331,4.663,98,188,1
9.34497,11.411,42.714,404,4.678,94,188,1
9.36597,10.508,43.087,375,4.692,98,188,1
9.38697,7.796,43.212,279,4.707,95,188,1
9.40797,10.96,43.339,393,4.722,98,188,1
9.42897,9.491,43.722,344,4.739,95,189,1
9.44997,9.943,43.982,362,4.754,102,188,1
9.47097,10.056,43.982,366,4.768,94,189,1
9.49197,8.587,44.377,315,4.785,102,189,1
9.51297,10.169,44.244,373,4.8,113,188,1
9.53397,11.411,43.852,414,4.815,98,189,1
9.55497,11.298,43.339,405,4.829,99,189,1
9.57597,9.717,42.592,343,4.844,95,189,1
9.59697,10.056,41.87,349,4.859,94,189,1
9.61797,9.152,41.058,311,4.874,93,188,1
9.63897,8.022,40.387,268,4.888,89,188,1
9.65997,12.428,40.944,421,4.903,91,188,1
9.68097,11.524,41.518,396,4.918,93,189,1
9.70197,9.943,42.108,347,4.933,94,189,1
9.72297,8.813,42.228,308,4.947,94,189,1
9.74397,9.83,42.348,345,4.962,89,189,1
9.76497,10.96,42.714,388,4.977,93,189,1
9.78597,9.943,42.962,354,4.992,95,189,1
9.80697,8.022,42.962,285,5.006,96,188,1
9.82797,8.248,42.962,293,5.021,96,189,1
9.84897,9.265,42.838,329,5.036,96,189,1
9.86997,9.717,42.838,345,5.051,94,189,1
9.89097,9.717,42.714,344,5.066,95,189,1
9.91197,8.248,42.592,291,5.08,95,189,1
9.93297,7.796,42.108,272,5.095,95,189,1
9.95397,8.7,42.108,303,5.11,94,189,1
9.97497,6.779,42.228,237,5.125,95,189,1
9.99597,8.7,42.228,304,5.139,96,189,1
10.01697,8.7,42.228,304,5.154,94,189,1
10.03797,8.7,42.228,304,5.169,94,189,1
10.05897,11.637,41.87,403,5.184,94,189,1
10.07997,9.378,41.752,324,5.198,90,189,1
10.10097,8.248,41.402,283,5.213,93,190,1
10.12197,7.344,40.944,249,5.228,93,190,1
10.14297,10.056,40.497,337,5.243,90,190,1
10.16397,12.089,40.497,405,5.255,90,190,1
10.18497,11.411,40.497,383,5.27,89,189,1
10.20597,10.056,40.387,336,5.285,90,189,1
10.22697,10.395,40.387,348,5.297,90,189,1
10.24797,10.621,40.497,356,5.312,90,190,1
10.26897,12.428,40.608,418,5.327,90,189,1
10.28997,10.508,40.719,354,5.342,90,190,1
10.31097,8.248,40.497,277,5.354,90,190,1
10.33197,8.248,40.277,275,5.369,91,189,1
10.35297,12.202,40.387,408,5.384,72,189,1
10.37397,12.315,40.944,417,5.399,90,189,1
10.39497,9.265,41.287,317,5.411,93,189,1
10.41597,10.056,41.518,346,5.426,93,189,1
10.43697,7.796,41.752,269,5.441,91,189,1
10.45797,8.022,41.402,275,5.455,94,189,1
10.47897,9.717,41.518,334,5.47,91,189,1
10.49997,9.83,41.87,341,5.485,94,189,1
10.52097,7.909,41.518,272,5.5,94,189,1
10.54197,10.056,41.402,345,5.515,93,189,1
10.56297,10.847,41.287,371,5.529,93,189,1
10.58397,9.604,41.172,327,5.542,94,189,1
10.60497,7.457,40.944,253,5.557,90,189,1
10.62597,10.96,40.608,368,5.571,91,188,1
10.64697,7.796,40.059,259,5.586,90,189,1
10.66796,5.875,39.42,192,5.599,90,188,1
10.68896,5.988,38.498,191,5.611,83,188,1
10.70996,3.616,37.429,112,5.626,84,188,1
10.73096,0.226,35.888,7,5.639,0,187,1
10.75196,0.113,34.39,3,5.649,0,187,1
10.77296,0,33.534,0,5.662,0,186,1
10.79396,0,32.504,0,5.673,0,186,1
10.81496,0,31.944,0,5.685,0,185,1
10.83596,0,32.221,0,5.696,0,185,1
10.85696,0,32.938,0,5.706,0,184,1
10.87796,0,33.159,0,5.719,0,183,1
10.89896,0,33.159,0,5.732,0,181,1
10.91996,0,33.686,0,5.744,0,181,2
10.94096,0,34.712,0,5.757,0,181,2
10.96196,0,35.04,0,5.77,0,180,2
10.98296,0,35.374,0,5.78,0,179,2
11.00396,0,35.544,0,5.793,0,179,2
11.02496,0,35.63,0,5.805,0,178,2
11.04596,0,35.888,0,5.818,0,177,2
11.06696,0,35.888,0,5.831,0,176,2
11.08796,0,36.063,0,5.843,0,175,2
11.10896,0,35.888,0,5.856,0,174,2
11.12996,0,35.63,0,5.869,0,173,2
11.15096,0,35.459,0,5.881,0,173,2
11.17196,0,35.123,0,5.894,0,172,2
11.19296,0,34.712,0,5.907,0,171,2
11.21396,0,34.39,0,5.917,0,171,2
11.23496,0,33.917,0,5.93,0,170,2
11.25596,0,33.61,0,5.94,0,168,2
11.27696,0,33.458,0,5.953,0,168,2
11.29796,0,33.159,0,5.964,0,167,2
11.31896,0,32.647,0,5.976,0,167,2
11.33996,0,32.152,0,5.987,0,165,2
11.36096,0,31.944,0,5.999,0,164,2
11.38196,0,31.204,0,6.01,0,163,2
11.40296,1.243,30.624,32,6.02,109,161,2
11.42396,1.582,29.943,39,6.031,63,161,2
11.44496,0.113,29.234,3,6.042,0,161,2
11.46596,0,28.34,0,6.05,0,161,2
11.48696,0,27.499,0,6.06,0,160,2
11.50796,0,26.141,0,6.069,0,160,2
11.52896,0,24.061,0,6.077,0,160,2
11.54996,0,21.575,0,6.086,0,160,2
11.57096,15.592,20.817,269,6.092,152,159,2
11.59196,6.779,22.873,128,6.101,81,158,2
11.61296,0.791,22.222,15,6.109,0,158,2
11.63396,8.7,22.944,165,6.115,90,158,2
11.65496,7.231,23.677,142,6.124,65,159,2
11.67596,5.875,24.179,118,6.132,54,159,2
11.69696,5.762,24.378,116,6.141,55,158,2
11.71796,7.344,24.022,146,6.149,65,158,2
11.73896,8.361,23.791,165,6.157,74,158,2
11.75996,8.022,23.087,153,6.166,73,158,2
11.78096,11.637,22.838,220,6.174,73,158,2
11.80196,8.926,22.356,165,6.183,69,158,2
11.82296,10.282,22.024,187,6.189,78,158,2
11.84396,11.073,21.701,199,6.198,72,157,2
11.86496,9.491,21.419,168,6.204,68,157,2
11.88596,5.423,20.643,93,6.212,69,158,2
11.90696,1.356,19.58,22,6.219,75,157,2
11.92796,0.226,18.597,3,6.225,0,157,2
11.94896,0.113,17.541,2,6.231,0,157,2
11.96996,23.84,17.215,340,6.238,100,156,2
11.99096,23.501,20.221,393,6.244,67,156,2
12.01196,19.659,21.388,348,6.252,67,157,2
12.03296,17.287,22.629,324,6.261,81,157,2
12.05396,0,23.087,0,6.269,0,157,2
12.07496,8.361,21.829,151,6.276,124,158,2
12.09596,12.654,22.629,237,6.284,71,158,2
12.11696,8.813,23.232,170,6.292,72,158,2
12.13796,8.926,23.677,175,6.301,74,158,2
12.15896,6.214,24.14,124,6.309,65,158,2
12.17996,7.457,24.219,150,6.318,82,158,2
12.20096,6.666,24.101,133,6.326,93,158,2
12.22196,5.649,24.179,113,6.335,87,158,2
12.24296,6.553,24.258,132,6.343,85,158,2
12.26396,10.395,24.298,209,6.351,88,157,2
12.28496,8.474,25.25,177,6.36,80,157,2
12.30596,7.683,25.511,162,6.368,81,158,2
12.32696,5.649,25.337,119,6.377,90,158,2
12.34796,7.005,25.293,147,6.387,71,158,2
12.36896,7.909,25.122,165,6.396,85,157,2
12.38996,7.909,25.164,165,6.404,80,157,2
12.41096,7.796,24.827,160,6.413,80,157,2
12.43196,6.666,24.621,136,6.421,72,157,2
12.45296,7.796,24.459,158,6.429,90,158,2
12.47396,8.022,24.061,160,6.438,83,157,2
12.49496,8.022,23.791,158,6.446,77,157,2
12.51596,9.83,23.415,191,6.455,75,157,2
12.53696,10.847,22.698,204,6.463,75,157,2
12.55796,8.813,22.629,165,6.472,75,157,2
12.57896,5.31,22.089,97,6.478,62,157,2
12.59996,12.993,21.512,231,6.486,70,157,2
12.62096,12.993,23.527,253,6.495,69,157,2
12.64196,0.113,22.768,2,6.501,0,158,2
12.66296,7.683,21.326,136,6.509,99,157,2
12.68396,15.253,22.056,279,6.518,70,157,2
12.70496,10.282,22.98,196,6.526,72,157,2
12.72596,7.909,23.415,153,6.533,87,157,2
12.74696,8.022,23.868,159,6.541,74,156,2
12.76796,5.423,24.219,109,6.55,77,156,2
12.78896,6.553,24.179,131,6.558,89,156,2
12.80996,4.745,24.14,95,6.566,87,155,2
12.83096,3.164,24.022,63,6.575,73,155,2
12.85196,4.18,23.829,82,6.583,86,155,2
12.87296,4.406,23.945,87,6.592,69,154,2
12.89396,3.503,24.219,70,6.6,91,154,2
12.91496,3.728,24.219,75,6.609,116,153,2
12.93596,4.293,24.418,87,6.617,87,153,2
12.95695,3.39,24.418,69,6.628,80,153,2
12.97795,4.18,24.219,84,6.636,93,153,2
12.99895,3.39,24.459,69,6.644,128,153,2
13.01995,2.938,24.703,60,6.653,111,153,2
13.04095,2.373,24.953,49,6.661,98,153,2
13.06195,2.599,25.38,55,6.67,98,153,2
13.08295,2.147,26.003,46,6.678,118,153,2
13.10395,2.373,26.754,53,6.689,78,153,2
13.12495,2.938,27.448,67,6.697,100,153,2
13.14595,2.938,27.448,67,6.706,100,153,2
13.16695,3.616,28.78,86,6.716,111,152,2
13.18795,3.841,29.526,94,6.727,69,152,2
13.20895,3.164,30.004,79,6.737,105,151,2
13.22995,2.373,30.004,59,6.748,96,151,2
13.25095,3.051,29.883,75,6.758,75,151,2
13.27195,5.649,29.644,139,6.769,96,149,2
13.29295,6.892,29.062,166,6.779,99,149,2
13.31395,5.649,29.408,138,6.788,88,148,2
13.33495,4.406,29.823,109,6.798,102,148,2
13.35595,5.084,29.644,125,6.809,120,147,2
13.37695,6.44,29.12,155,6.819,102,147,2
13.39795,6.101,28.725,145,6.83,114,147,2
13.41895,6.44,28.178,150,6.84,86,146,2
13.43995,8.926,27.861,206,6.849,72,147,2
13.46095,7.909,27.966,183,6.859,83,147,2
13.48195,7.57,27.913,175,6.868,82,146,2
13.50295,7.909,27.966,183,6.878,95,147,2
13.52395,7.005,28.725,167,6.889,84,146,2
13.54495,5.762,29.823,142,6.899,58,147,2
13.56595,5.197,29.883,129,6.91,99,147,2
13.58695,4.858,29.703,119,6.921,113,147,2
13.60795,6.44,29.35,156,6.931,91,147,2
13.62895,7.57,29.12,183,6.94,90,147,2
13.64995,8.361,28.893,200,6.95,86,147,2
13.67095,2.599,28.232,61,6.961,58,148,2
13.69195,0.565,26.803,13,6.969,0,148,2
13.71295,9.378,25.912,201,6.98,111,149,2
13.73395,10.734,26.141,232,6.988,79,149,2
13.75495,14.688,26.9,327,6.996,81,150,2
13.77595,9.152,27.499,208,7.007,81,150,2
13.79695,6.327,28.072,147,7.018,84,151,2
13.81795,4.18,28.449,98,7.026,86,151,2
13.83895,4.632,28.725,110,7.037,85,151,2
13.85995,5.197,29.006,125,7.047,82,151,2
13.88095,5.649,29.292,137,7.058,81,151,2
13.90195,5.197,29.644,128,7.068,64,152,2
13.92295,6.666,29.883,165,7.079,106,152,2
13.94395,7.909,29.943,196,7.089,89,152,2
13.96495,7.005,29.585,172,7.1,91,152,2
13.98595,7.57,29.526,185,7.11,91,153,2
14.00695,6.214,29.292,151,7.119,73,153,2
14.02795,8.587,29.062,207,7.129,59,154,2
14.04895,8.022,28.836,192,7.14,89,155,2
14.06995,7.344,28.504,173,7.15,85,155,2
14.09095,7.683,28.072,179,7.159,98,156,2
14.11195,6.214,27.601,142,7.169,86,156,2
14.13295,8.474,27.097,190,7.178,83,157,2
14.15395,8.587,26.754,190,7.188,82,157,2
14.17495,9.943,26.61,219,7.197,82,158,2
14.19595,9.039,26.706,200,7.207,82,158,2
14.21695,9.717,26.9,216,7.216,80,158,2
14.23795,8.022,26.851,178,7.226,82,158,2
14.25895,5.762,26.706,127,7.235,68,158,2
14.27995,8.022,26.803,178,7.245,80,159,2
14.30095,6.666,26.998,149,7.254,84,158,2
14.32195,5.649,27.397,128,7.264,91,159,2
14.34295,3.616,26.998,81,7.273,122,158,2
14.36395,4.293,26.61,95,7.283,91,158,2
14.38495,5.31,26.42,116,7.292,72,159,2
14.40595,3.503,26.141,76,7.3,80,158,2
14.42695,0,25.732,0,7.308,0,159,2
14.44795,0,24.786,0,7.319,0,158,2
14.46895,0,23.984,0,7.327,0,157,2
14.48995,0,23.639,0,7.334,0,157,2
14.51095,0.565,23.305,11,7.342,0,156,2
14.53195,7.231,23.564,141,7.351,131,156,2
14.55295,5.988,24.418,121,7.359,72,155,2
14.57395,6.327,25.293,133,7.37,83,155,2
14.59495,5.988,25.958,129,7.378,76,155,2
14.61595,5.649,26.851,126,7.386,69,154,2
14.63695,4.858,27.146,109,7.397,111,154,2
14.65795,6.327,26.658,140,7.405,79,154,2
14.67895,6.101,26.095,132,7.416,98,153,2
14.69995,6.214,25.555,131,7.424,83,152,2
14.72095,5.084,24.786,104,7.433,81,152,2
14.74195,4.971,24.621,101,7.441,75,151,2
14.76295,7.005,24.459,142,7.45,75,151,2
14.78395,6.779,24.662,138,7.458,75,151,2
14.80495,7.231,25.037,150,7.467,68,150,2
14.82595,4.971,25.599,105,7.477,67,150,2
14.84695,4.519,25.822,97,7.486,80,150,3
14.86795,2.825,25.958,61,7.494,83,150,3
14.88895,2.599,26.141,56,7.504,90,150,3
14.90995,2.938,26.233,64,7.513,94,149,3
14.93095,4.745,26.233,103,7.521,91,148,3
14.95195,2.373,26.233,52,7.532,98,148,3
14.97295,3.616,26.28,79,7.54,91,148,3
14.99395,3.841,26.468,84,7.549,94,147,3
15.01495,3.051,26.61,67,7.559,109,146,3
15.03595,3.164,26.754,70,7.568,118,146,3
15.05695,3.616,26.233,79,7.578,90,146,3
15.07795,4.858,25.688,103,7.587,124,144,3
15.09895,4.745,25.122,99,7.595,90,144,3
15.11995,6.214,24.744,127,7.604,75,144,3
15.14095,4.632,24.258,93,7.612,86,143,3
15.16195,9.491,24.061,189,7.62,120,143,3
15.18295,12.202,24.459,247,7.629,80,142,3
15.20395,7.683,24.869,158,7.637,69,142,3
15.22495,6.214,25.079,129,7.648,69,143,3
15.24594,3.728,25.079,77,7.656,63,143,3
15.26694,4.632,24.703,95,7.665,67,142,3
15.28794,5.536,24.621,113,7.673,77,143,3
15.30894,7.118,24.744,146,7.682,75,143,3
15.32994,5.197,24.744,106,7.69,73,143,3
15.35094,4.971,24.662,102,7.698,72,143,3
15.37194,6.327,24.662,129,7.707,71,143,3
15.39294,4.745,24.786,97,7.715,70,144,3
15.41394,5.423,25.037,112,7.726,75,144,3
15.43494,4.18,25.037,87,7.734,99,144,3
15.45594,3.051,24.953,63,7.743,89,143,3
15.47694,3.39,24.744,69,7.751,76,144,3
15.49794,0.452,24.499,9,7.76,0,144,3
15.51894,0,23.906,0,7.768,0,145,3
15.53994,0,23.232,0,7.776,0,146,3
15.56094,0,22.733,0,7.785,0,146,3
15.58194,0,22.024,0,7.791,0,146,3
15.60294,0,22.024,0,7.798,0,147,3
15.62394,0,14.661,0,7.802,0,147,3
15.64494,34.573,13.548,388,7.808,113,147,3
15.66594,33.782,18.142,507,7.814,67,147,3
15.68694,29.376,21.575,525,7.823,56,147,3
15.70794,18.417,24.101,367,7.831,68,147,3
15.72894,4.971,25.511,105,7.84,81,147,3
15.74994,4.971,24.662,102,7.848,106,149,3
15.77094,6.327,25.25,132,7.857,82,149,3
15.79194,5.536,25.122,115,7.865,100,150,3
15.81294,5.988,25.423,126,7.873,82,151,3
15.83394,4.067,25.511,86,7.884,76,152,3
15.85494,4.18,25.337,88,7.892,86,153,3
15.87594,6.44,25.25,135,7.901,75,153,3
15.89694,5.536,25.467,117,7.909,75,154,3
15.91794,5.988,25.643,127,7.92,77,155,3
15.93894,5.988,25.688,127,7.928,63,155,3
15.95994,5.084,25.958,109,7.937,80,156,3
15.98094,6.327,25.423,133,7.945,74,156,3
16.00194,3.164,25.25,66,7.956,87,157,3
16.02294,0.113,24.459,2,7.964,0,157,3
16.04394,0,23.677,0,7.972,0,158,3
16.06494,0,22.838,0,7.979,0,158,3
16.08594,11.411,22.663,214,7.987,128,158,3
16.10694,10.282,23.791,203,7.996,68,158,3
16.12794,6.892,24.298,139,8.004,81,157,3
16.14894,5.536,24.179,111,8.013,79,157,3
16.16994,5.875,24.338,118,8.021,69,157,3
16.19094,4.858,24.58,99,8.029,65,158,3
16.21194,4.632,24.911,96,8.038,68,157,3
16.23294,5.31,25.207,111,8.048,88,157,3
16.25394,4.858,25.555,103,8.057,76,157,3
16.27494,4.519,25.732,96,8.065,68,158,3
16.29594,4.858,25.867,104,8.074,80,157,3
16.31694,5.762,26.141,125,8.084,70,157,3
16.33794,5.084,26.515,112,8.093,67,158,3
16.35894,5.762,26.562,127,8.103,91,157,3
16.37994,4.858,26.373,106,8.112,111,157,3
16.40094,4.858,26.003,105,8.12,82,157,3
16.42194,5.084,25.777,109,8.131,78,158,3
16.44294,3.728,25.467,79,8.139,61,157,3
16.46394,2.599,25.207,54,8.147,120,157,3
16.48494,6.44,24.703,132,8.156,72,157,3
16.50594,7.118,24.459,144,8.164,56,156,3
16.52694,1.243,24.101,25,8.173,90,157,3
16.54794,0,23.159,0,8.181,0,157,3
16.56894,0,22.122,0,8.19,0,157,3
16.58994,0,21.326,0,8.196,0,157,3
16.61094,4.293,20.586,73,8.204,96,157,3
16.63194,20.789,21.481,370,8.211,85,156,3
16.65294,11.298,22.98,215,8.219,65,156,3
16.67394,7.57,23.715,149,8.228,69,156,3
16.69494,6.553,23.945,130,8.236,73,156,3
16.71594,6.327,23.305,122,8.244,73,156,3
16.73694,4.519,23.159,87,8.253,71,155,3
16.75794,6.666,23.305,129,8.261,71,155,3
16.77894,6.101,23.527,119,8.268,72,154,3
16.79994,6.666,23.602,130,8.276,72,153,3
16.82094,8.135,23.829,160,8.284,73,153,3
16.84194,7.57,24.258,152,8.293,74,152,3
16.86294,7.005,24.378,141,8.301,72,152,3
16.88394,6.214,24.418,126,8.31,74,152,3
16.90494,8.248,24.911,170,8.32,75,152,3
16.92594,7.683,25.079,160,8.329,75,151,3
16.94694,6.779,25.467,143,8.337,89,151,3
16.96794,4.519,25.599,96,8.346,89,151,3
16.98894,6.327,25.599,134,8.356,79,151,3
17.00994,6.327,25.511,134,8.365,61,151,3
17.03094,5.423,25.38,114,8.373,76,152,3
17.05194,6.327,25.511,134,8.381,91,151,3
17.07294,0,25.207,0,8.39,0,151,3
17.09394,0,23.984,0,8.398,0,151,3
17.11494,0,23.087,0,8.407,0,151,3
17.13594,11.185,22.39,207,8.415,67,151,3
17.15694,13.332,23.342,258,8.424,66,150,3
17.17794,11.524,24.298,232,8.432,70,149,3
17.19894,8.361,24.953,173,8.44,74,149,3
17.21994,7.118,25.293,149,8.449,75,148,3
17.24094,4.858,25.511,103,8.457,78,149,3
17.26194,5.875,25.555,124,8.468,76,149,3
17.28294,5.875,25.467,124,8.476,75,149,3
17.30394,4.858,25.555,103,8.485,77,150,3
17.32494,5.536,25.467,117,8.493,78,150,3
17.34594,5.875,25.337,123,8.504,78,150,3
17.36694,4.971,25.164,104,8.512,78,151,3
17.38794,5.762,25.207,120,8.521,87,151,3
17.40894,4.18,25.38,88,8.529,73,151,3
17.42994,6.327,25.423,133,8.537,66,151,3
17.45094,6.327,25.555,134,8.548,73,152,3
17.47194,4.519,25.732,96,8.556,74,152,3
17.49294,3.954,25.688,84,8.565,103,152,3
17.51394,4.858,25.511,103,8.573,87,152,3
17.53493,5.423,25.38,114,8.584,72,153,3
17.55593,3.841,25.037,80,8.592,83,152,3
17.57693,0,24.459,0,8.601,0,153,3
17.59793,0,23.868,0,8.609,0,152,3
17.61893,0,23.123,0,8.618,0,153,3
17.63993,0,21.926,0,8.624,0,152,3
17.66093,0,20.643,0,8.632,0,152,3
17.68193,5.649,19.554,91,8.639,99,151,3
17.70293,1.356,19.324,22,8.645,56,151,3
17.72393,2.712,18.597,42,8.651,78,151,3
17.74493,2.034,17.966,30,8.658,61,151,3
17.76593,0.226,17.155,3,8.664,0,150,3
17.78693,0.904,16.487,12,8.67,0,150,3
17.80793,0.791,16.487,11,8.677,0,150,3
17.82893,0,15.186,0,8.683,0,150,3
17.84993,0,14.474,0,8.687,0,150,3
17.87093,0,13.487,0,8.691,0,149,3
17.89193,0,12.29,0,8.696,0,148,3
17.91293,0,9.934,0,8.7,0,146,3
17.93393,0,8.45,0,8.702,0,146,3
17.95493,0,6.057,0,8.704,0,145,3
17.97593,0,6.057,0,8.704,0,145,3
17.99693,10.847,3.654,33,8.706,36,144,3
18.01793,26.664,4.931,109,8.708,41,144,3
18.03893,40.223,10.3,343,8.712,48,144,3
18.05993,26.89,15.218,339,8.719,56,145,3
18.08093,21.693,19.58,352,8.727,47,145,3
18.10193,18.755,22.423,348,8.733,56,146,3
18.12293,13.558,24.459,275,8.742,67,147,3
18.14393,10.508,24.219,211,8.75,68,149,3
18.16493,10.395,25.164,217,8.761,69,151,3
18.18593,12.202,25.599,259,8.769,71,151,3
18.20693,36.042,27.913,833,8.78,75,154,3
18.22793,34.573,32.152,920,8.79,85,155,3
18.24893,25.874,35.802,767,8.803,98,157,3
18.26993,0.113,35.975,3,8.816,0,158,3
18.29093,0.452,34.39,13,8.828,0,160,3
18.31193,3.164,33.61,88,8.839,106,161,3
18.33293,3.616,33.011,99,8.851,96,162,3
18.35393,2.825,32.362,76,8.862,106,163,3
18.37493,3.39,31.671,89,8.873,103,165,3
18.39593,4.519,31.073,116,8.883,95,166,3
18.41693,4.632,30.624,117,8.894,87,167,3
18.43793,6.666,30.004,166,8.904,77,168,3
18.45893,7.005,29.883,173,8.915,91,169,3
18.47993,5.649,29.35,137,8.925,70,169,3
18.50093,3.277,28.669,78,8.936,80,169,3
18.52193,3.616,28.072,84,8.946,80,169,3
18.54293,5.875,27.756,135,8.955,80,169,3
18.56393,5.423,27.55,124,8.965,89,169,3
18.58493,5.084,27.347,115,8.974,78,169,3
18.60593,4.971,27.246,112,8.984,80,169,3
18.62693,2.373,26.949,53,8.993,114,168,3
18.64793,3.503,26.42,77,9.003,111,168,3
18.66893,1.13,25.822,24,9.012,58,168,3
18.68993,0,25.207,0,9.02,0,167,3
18.71093,0,24.827,0,9.029,0,167,3
18.73193,0,23.945,0,9.037,0,167,3
18.75293,0,23.452,0,9.045,0,167,3
18.77393,0,23.452,0,9.054,0,167,3
18.79493,0,23.159,0,9.062,0,167,3
18.81593,12.202,23.677,239,9.071,141,166,3
18.83693,9.152,25.293,192,9.079,78,165,3
18.85793,6.779,26.141,147,9.088,78,165,3
18.87893,7.231,26.803,160,9.098,80,165,3
18.89993,4.971,27.296,112,9.107,81,165,3
18.92093,5.875,27.499,134,9.117,68,164,3
18.94193,4.745,27.653,109,9.128,95,164,3
18.96293,6.101,27.601,139,9.136,91,165,3
18.98393,5.875,27.808,135,9.147,76,165,3
19.00493,5.762,27.913,133,9.155,87,164,3
19.02593,1.808,27.808,42,9.166,80,165,3
19.04693,1.469,27.097,33,9.174,113,165,3
19.06793,8.248,27.196,186,9.185,82,165,3
19.08893,8.587,27.913,198,9.195,83,164,3
19.10993,6.44,28.232,151,9.204,87,164,3
19.13093,8.135,28.559,192,9.214,96,164,3
19.15193,6.214,29.006,149,9.225,100,164,3
19.17293,6.327,29.12,153,9.235,89,164,3
19.19393,8.135,29.062,196,9.246,94,164,3
19.21493,7.683,28.78,183,9.254,89,164,3
19.23593,5.762,28.34,135,9.265,62,165,3
19.25693,9.152,28.232,214,9.275,86,164,3
19.27793,10.508,27.55,240,9.284,85,164,3
19.29893,10.96,27.808,252,9.294,86,164,3
19.31993,8.248,27.601,188,9.305,82,164,3
19.34093,8.7,27.653,199,9.313,83,164,3
19.36193,10.508,27.861,242,9.324,85,165,3
19.38293,7.457,27.966,173,9.332,83,165,3
19.40393,6.666,27.55,152,9.343,85,166,3
19.42493,0.452,26.851,10,9.351,0,167,3
19.44593,0.113,26.049,2,9.362,0,167,3
19.46693,2.712,25.037,56,9.37,156,168,3
19.48793,14.575,25.38,306,9.378,95,169,3
19.50893,15.705,26.28,342,9.387,77,169,3
19.52993,13.219,27.499,301,9.397,75,169,3
19.55093,10.056,28.669,239,9.408,80,170,3
19.57193,8.135,29.467,198,9.419,79,170,3
19.59293,5.762,29.823,142,9.429,79,170,3
19.61393,5.536,30.004,138,9.44,83,170,3
19.63493,4.406,30.311,111,9.45,68,171,3
19.65593,4.18,30.624,106,9.461,67,171,3
19.67693,4.067,31.073,105,9.471,109,171,3
19.69793,3.616,31.336,94,9.482,113,171,3
19.71893,4.067,31.807,107,9.492,159,171,3
19.73993,3.841,32.152,102,9.505,91,171,3
19.76093,10.282,32.013,273,9.516,94,171,3
19.78193,6.327,31.944,167,9.526,79,171,3
19.80293,7.909,31.875,209,9.539,82,170,3
19.82393,6.892,32.221,184,9.549,65,170,3
19.84492,5.762,32.362,154,9.56,65,171,3
19.86592,5.875,32.292,157,9.572,81,170,3
19.88692,5.649,32.504,152,9.583,66,170,3
19.90792,5.988,32.433,161,9.596,79,170,3
19.92892,5.875,31.875,155,9.606,87,170,3
19.94992,6.553,31.336,170,9.617,102,171,3
19.97092,7.118,31.008,183,9.627,69,170,3
19.99192,7.118,30.751,181,9.638,87,170,3
20.01292,7.457,30.561,189,9.648,77,170,3
20.03392,9.265,30.561,234,9.659,91,171,3
20.05492,7.909,30.624,201,9.672,86,171,3
20.07592,7.57,30.561,192,9.682,84,170,3
20.09692,7.683,30.373,193,9.693,96,170,3
20.11792,7.683,30.373,193,9.703,96,171,3
20.13892,8.135,30.624,206,9.714,86,171,3
20.15992,6.779,30.126,169,9.724,76,170,3
20.18092,7.457,29.585,183,9.735,67,170,3
20.20192,7.118,29.062,171,9.745,85,170,3
20.22292,8.022,28.504,189,9.754,80,170,3
20.24392,6.779,28.178,158,9.764,80,170,3
20.26492,7.231,27.966,167,9.775,76,170,3
20.28592,6.666,27.913,154,9.783,63,171,3
20.30692,5.988,28.072,139,9.794,60,170,3
20.32792,6.779,28.286,159,9.804,83,170,3
20.34892,5.197,28.34,122,9.813,80,170,3
20.36992,6.779,28.449,160,9.823,80,170,3
20.39092,7.005,28.949,168,9.834,93,170,3
20.41192,4.971,29.408,121,9.844,64,169,3
20.43292,5.197,29.823,128,9.855,95,169,3
20.45392,5.084,30.187,127,9.865,75,169,3
20.47492,6.779,30.624,172,9.876,72,168,3
20.49592,7.005,31.27,181,9.887,93,168,3
20.51692,6.892,31.807,181,9.897,81,169,3
20.53792,8.587,31.738,226,9.91,91,168,3
20.55892,9.491,31.738,249,9.92,89,168,3
20.57992,8.135,31.738,214,9.931,90,168,3
20.60092,7.57,31.603,198,9.941,89,168,3
20.62192,6.779,31.469,177,9.954,89,169,3
20.64292,6.779,31.536,177,9.965,57,169,3
20.66392,7.344,31.671,193,9.975,89,169,3
20.68492,7.231,31.944,191,9.986,89,170,3
20.70592,6.327,32.221,169,9.998,71,170,3
20.72692,5.31,32.221,142,10.009,71,170,3
20.74792,5.536,32.013,147,10.019,111,170,3
20.76892,6.44,31.875,170,10.032,89,170,3
20.78992,6.892,32.013,183,10.043,91,170,3
20.81092,6.892,31.536,180,10.053,93,170,3
20.83192,5.988,31.671,157,10.064,72,170,3
20.85292,5.762,31.807,152,10.076,90,169,3
20.87392,5.649,32.082,150,10.087,88,169,3
20.89492,5.084,32.362,136,10.097,106,169,3
20.91592,7.57,32.719,205,10.11,90,169,3
20.93692,5.423,33.085,149,10.121,68,169,3
20.95792,7.683,33.233,211,10.133,95,169,3
20.97892,4.519,33.383,125,10.144,84,169,3
20.99992,6.327,33.458,175,10.156,86,170,3
21.02092,7.231,33.763,202,10.169,87,170,3
21.04192,4.406,33.995,124,10.18,56,170,3
21.06292,4.632,34.152,131,10.192,68,171,3
21.08392,3.954,34.152,112,10.205,83,171,3
21.10492,4.519,34.073,127,10.215,98,171,3
21.12592,4.519,34.073,127,10.226,98,171,3
21.14692,4.971,34.31,141,10.239,68,171,3
21.16792,4.745,34.231,134,10.249,86,171,3
21.18892,4.971,34.31,141,10.262,74,170,3
21.20992,5.084,34.39,145,10.274,86,170,3
21.23092,4.067,34.31,116,10.285,58,170,3
21.25192,6.779,34.073,191,10.298,94,170,3
21.27292,6.327,33.995,178,10.31,68,170,3
21.29392,11.75,34.55,336,10.323,89,169,3
21.31492,12.88,35.544,379,10.333,88,169,3
21.33592,10.96,36.328,330,10.348,90,169,3
21.35692,7.683,36.779,234,10.361,93,169,3
21.37792,9.039,36.87,276,10.373,94,169,3
21.39892,10.847,37.241,334,10.386,94,169,3
21.41992,10.282,37.908,323,10.399,95,169,3
21.44092,9.039,38.299,287,10.414,95,170,3
21.46192,8.022,38.599,256,10.426,99,170,3
21.48292,8.587,38.699,275,10.439,96,170,3
21.50392,11.073,39.005,358,10.454,99,171,3
21.52492,12.202,38.599,390,10.466,99,171,3
21.54592,13.219,38.801,425,10.481,98,171,3
21.56692,10.395,38.599,332,10.494,100,171,3
21.58792,9.491,38.201,300,10.506,95,172,3
21.60892,10.056,37.811,315,10.521,96,172,3
21.62992,9.265,37.429,287,10.534,94,172,3
21.65092,12.202,37.524,379,10.546,96,172,3
21.67192,11.75,38.201,372,10.561,95,173,3
21.69292,10.621,38.801,341,10.574,98,173,3
21.71392,7.909,39.211,257,10.586,100,173,3
21.73492,6.327,39.315,206,10.601,98,173,3
21.75592,2.712,39.005,88,10.614,105,173,3
21.77692,2.712,38.399,86,10.629,122,174,3
21.79792,3.164,37.811,99,10.641,100,174,3
21.81892,4.067,37.148,125,10.654,80,174,3
21.83992,4.971,36.779,151,10.666,95,174,3
21.86092,5.084,36.688,154,10.679,72,175,3
21.88192,4.18,36.688,127,10.694,84,175,3
21.90292,7.231,36.239,217,10.707,90,175,3
21.92392,6.553,36.063,196,10.719,95,175,3
21.94492,4.971,35.459,146,10.73,106,175,3
21.96592,9.265,34.957,268,10.742,72,175,3
21.98692,7.57,35.123,220,10.755,89,175,3
22.00792,3.39,34.712,97,10.768,70,175,3
22.02892,6.779,35.123,197,10.78,78,175,3
22.04992,7.683,35.459,226,10.793,88,175,3
22.07092,7.683,35.459,226,10.806,88,175,3
22.09192,7.457,35.123,217,10.818,88,176,3
22.11292,7.683,34.712,221,10.831,88,176,3
22.13391,10.96,34.631,314,10.844,81,176,3
22.15491,8.587,34.712,247,10.854,83,176,3
22.17591,5.875,34.39,167,10.867,83,176,3
22.19691,23.953,34.39,682,10.879,79,176,3
22.21791,37.511,37.619,1168,10.892,79,177,3
22.23891,37.963,41.402,1301,10.907,88,177,3
22.25991,35.59,44.113,1300,10.924,96,178,3
22.28091,31.523,46.318,1209,10.938,103,179,3
22.30191,31.523,46.318,1209,10.953,103,180,3
22.32291,26.438,49.571,1085,10.97,109,182,3
22.34391,0.452,49.406,18,10.989,0,183,3
22.36491,0.339,49.406,14,11.008,0,184,3
22.38591,0,45.327,0,11.025,0,184,3
22.40691,1.243,43.466,45,11.04,59,185,3
22.42791,2.034,42.47,72,11.054,63,185,3
22.44891,2.825,41.752,98,11.069,50,186,3
22.46991,2.26,41.058,77,11.084,47,186,3
22.49091,6.666,40.719,225,11.099,76,186,3
22.51191,3.39,40.277,113,11.111,61,186,3
22.53291,5.197,39.737,171,11.126,64,186,3
22.55391,5.197,39.737,171,11.141,64,185,3
22.57491,5.197,39.42,170,11.156,89,185,3
22.59591,7.005,39.108,227,11.168,86,185,3
22.61691,7.796,38.903,251,11.183,83,184,3
22.63791,5.084,38.903,164,11.196,87,183,3
22.65891,0.452,38.005,14,11.21,0,183,3
22.67991,0,36.597,0,11.223,0,183,3
22.70091,0,35.374,0,11.236,0,182,3
22.72191,2.486,33.995,70,11.246,114,181,3
22.74291,7.231,33.383,200,11.259,85,180,3
22.76391,5.423,32.719,147,11.269,64,180,3
22.78491,1.13,32.152,30,11.28,81,179,3
22.80591,0,30.815,0,11.29,0,179,3
22.82691,0,30.815,0,11.301,0,178,3
22.84791,0,28.019,0,11.312,0,177,3
22.86891,0,26.851,0,11.32,0,177,3
22.88991,0,25.912,0,11.331,0,176,3
22.91091,0.452,26.003,10,11.339,0,175,3
22.93191,2.034,26.949,45,11.349,91,173,3
22.95291,2.373,27.808,55,11.358,76,173,3
22.97391,0,28.836,0,11.368,0,172,3
22.99491,0,29.12,0,11.379,0,171,3
23.01591,0,29.177,0,11.39,0,171,3
23.03691,0,29.644,0,11.4,0,171,3
23.05791,0,30.687,0,11.411,0,171,3
23.07891,0,31.336,0,11.421,0,169,3
23.09991,0.339,31.944,9,11.432,0,168,3
23.12091,0,32.576,0,11.444,0,167,3
23.14191,0,32.864,0,11.455,0,166,3
23.16291,0,33.159,0,11.468,0,165,3
23.18391,0,33.534,0,11.478,0,164,3
23.20491,0,33.917,0,11.491,0,164,3
23.22591,0,33.917,0,11.501,0,163,3
23.24691,0,33.917,0,11.514,0,162,3
23.26791,0,33.686,0,11.527,0,162,3
23.28891,0,33.458,0,11.537,0,161,3
23.30991,0,33.308,0,11.55,0,158,3
23.33091,0,32.864,0,11.56,0,158,3
23.35191,0,32.504,0,11.573,0,158,3
23.37291,0,32.221,0,11.583,0,157,3
23.39391,0,31.944,0,11.594,0,155,3
23.41491,0,31.671,0,11.605,0,154,3
23.43591,0,31.008,0,11.617,0,151,3
23.45691,0,30.373,0,11.628,0,149,3
23.47791,0,29.943,0,11.638,0,148,3
23.49891,0,29.763,0,11.649,0,147,3
23.51991,2.26,29.526,55,11.657,83,146,3
23.54091,0,29.062,0,11.668,0,145,3
23.56191,0,28.449,0,11.678,0,145,3
23.58291,0,27.966,0,11.689,0,145,3
23.60391,0,26.998,0,11.697,0,144,3
23.62491,0,26.706,0,11.708,0,144,3
23.64591,0.904,26.28,20,11.716,0,143,3
23.66691,0.113,25.732,2,11.725,0,143,3
23.68791,0,23.123,0,11.733,0,143,3
23.70891,0,21.893,0,11.742,0,143,3
23.72991,1.695,21.357,30,11.748,166,141,3
23.75091,10.282,21.861,186,11.756,109,138,3
23.77191,9.039,22.255,167,11.763,72,138,3
23.79291,6.214,23.791,122,11.771,70,138,3
23.81391,3.841,24.869,79,11.782,77,139,3
23.83491,4.067,25.079,84,11.79,62,139,3
23.85591,2.26,25.25,47,11.798,53,140,3
23.87691,2.825,24.744,58,11.807,100,141,3
23.89791,5.423,24.338,109,11.815,67,141,3
23.91891,5.197,23.677,102,11.824,77,141,3
23.93991,6.892,22.98,131,11.832,58,141,3
23.96091,5.762,22.457,107,11.841,56,142,3
23.98191,5.875,21.893,106,11.847,69,143,3
24.00291,4.858,21.481,86,11.855,73,144,3
24.02391,2.712,20.701,46,11.862,67,144,3
24.04491,0.452,19.477,7,11.868,0,144,3
24.06591,0,18.053,0,11.874,0,144,3
24.08691,0,17.175,0,11.881,0,143,3
24.10791,0,15.869,0,11.887,0,142,3
24.12891,0,12.922,0,11.891,0,142,3
24.14991,2.599,8.441,18,11.893,83,142,3
24.17091,37.963,8.484,267,11.895,74,141,3
24.19191,32.992,12.968,354,11.902,38,141,3
24.21291,23.049,17.215,329,11.908,49,141,3
24.23391,23.614,18.527,362,11.914,58,142,3
24.25491,20.563,20.643,351,11.921,66,143,3
24.27591,4.745,22.222,87,11.929,74,144,3
24.29691,6.779,21.638,121,11.936,170,145,3
24.31791,7.231,22.024,132,11.944,79,145,3
24.33891,7.231,22.222,133,11.952,76,146,3
24.35991,8.587,22.356,159,11.961,76,148,3
24.38091,7.457,22.873,141,11.967,63,148,3
24.40191,8.926,23.305,172,11.976,94,149,3
24.4229,9.943,23.305,192,11.984,79,151,3
24.4439,7.909,23.868,156,11.992,81,151,3
24.4649,7.796,24.14,156,12.001,82,152,3
24.4859,13.106,24.338,264,12.009,88,152,3
24.5069,8.248,25.164,172,12.018,77,151,3
24.5279,7.796,25.555,165,12.028,79,152,3
24.5489,6.214,25.293,130,12.037,80,152,3
24.5699,6.327,25.38,133,12.045,78,152,3
24.5909,11.298,25.337,237,12.054,80,152,3
24.6119,10.734,25.511,227,12.062,81,153,3
24.6329,9.039,25.511,191,12.073,79,153,3
24.6539,8.7,25.555,184,12.081,80,152,3
24.6749,7.57,25.467,160,12.089,80,152,3
24.6959,8.587,25.079,178,12.098,80,153,3
24.7169,9.491,24.911,196,12.106,78,153,3
24.7379,10.621,24.621,217,12.117,89,153,3
24.7589,13.106,23.945,260,12.123,75,154,3
24.7799,10.169,23.906,201,12.132,75,155,3
24.8009,8.587,23.868,170,12.14,74,157,3
24.8219,9.943,24.14,199,12.148,74,157,3
24.8429,11.185,24.338,225,12.157,75,158,3
24.8639,8.248,24.298,166,12.167,75,159,3
24.8849,7.231,24.338,146,12.176,76,159,3
24.9059,6.214,24.14,124,12.184,75,159,3
24.9269,7.344,24.258,148,12.193,60,159,3
24.9479,7.57,24.621,154,12.201,77,160,3
24.9689,6.327,24.953,131,12.21,77,160,3
24.9899,5.423,25.079,113,12.218,78,159,3
25.0109,2.938,24.703,60,12.226,84,159,3
25.0319,0,24.101,0,12.235,0,159,3
25.0529,3.954,23.564,77,12.243,143,158,3
25.0739,4.519,23.945,90,12.252,81,158,3
25.0949,4.858,24.418,98,12.26,83,157,3
25.1159,4.18,24.621,85,12.269,75,156,3
25.1369,4.745,24.869,98,12.277,60,156,3
25.1579,2.26,24.911,47,12.285,99,155,3
25.1789,4.18,24.54,85,12.294,152,154,3
25.1999,5.875,24.827,121,12.304,83,153,3
25.2209,5.423,25.38,114,12.313,55,153,3
25.2419,4.067,25.777,87,12.321,77,152,3
25.2629,4.067,26.327,89,12.332,89,151,3
25.2839,6.779,27.397,154,12.34,76,151,3
25.3049,5.988,29.177,145,12.351,98,150,3
25.3259,5.084,30.498,128,12.361,98,149,3
25.3469,4.858,31.469,127,12.372,96,149,3
25.3679,3.728,32.292,100,12.385,103,149,3
25.3889,3.164,32.864,86,12.395,74,148,3
25.4099,2.825,33.011,77,12.408,82,148,3
25.4309,2.938,32.938,80,12.418,90,148,3
25.4519,3.954,32.792,107,12.429,80,147,3
25.4729,3.728,31.603,98,12.441,82,147,3
25.4939,3.164,31.536,83,12.452,84,146,3
25.5149,4.632,32.152,123,12.463,100,146,3
25.5359,5.423,31.875,143,12.475,95,146,3
25.5569,6.214,31.402,162,12.486,141,145,3
25.5779,6.779,31.008,174,12.496,103,144,3
25.5989,5.762,30.373,145,12.507,68,144,3
25.6199,6.327,30.126,158,12.517,85,143,3
25.6409,9.039,29.883,224,12.528,87,143,3
25.6619,9.604,30.187,240,12.538,83,143,3
25.6829,9.83,31.008,252,12.549,83,144,3
25.7039,9.039,32.292,242,12.559,91,145,3
25.7249,5.762,32.864,157,12.572,108,145,3
25.7459,6.327,32.576,171,12.583,91,146,3
25.7669,9.943,32.647,269,12.595,93,148,3
25.7879,10.847,33.085,297,12.606,94,148,3
25.8089,10.508,33.159,288,12.618,94,149,3
25.8299,10.621,33.159,292,12.629,94,149,3
25.8509,10.056,33.308,277,12.642,93,150,3
25.8719,6.779,33.159,186,12.652,94,151,3
25.8929,5.875,33.159,161,12.665,94,152,3
25.9139,5.875,32.938,160,12.675,93,155,3
25.9349,7.683,33.308,212,12.688,116,156,3
25.9559,6.553,33.383,181,12.699,91,157,3
25.9769,4.971,33.308,137,12.711,83,157,3
25.9979,5.875,33.011,161,12.722,83,159,3
26.0189,8.135,32.938,222,12.734,75,160,3
26.0399,5.536,32.792,150,12.745,146,160,3
26.0609,6.779,32.013,180,12.758,95,161,3
26.0819,8.7,31.671,228,12.768,89,162,3
26.1029,8.7,31.671,228,12.779,89,162,3
26.1239,7.57,30.815,193,12.789,89,162,3
26.1449,6.553,30.373,165,12.8,95,163,3
26.1659,8.587,29.883,212,12.81,85,163,3
26.1869,8.7,29.292,211,12.821,83,164,3
26.2079,5.423,28.725,129,12.831,68,164,3
26.2289,7.231,27.861,167,12.84,118,165,3
26.2499,7.57,27.296,171,12.85,75,165,3
26.2709,8.022,27.097,180,12.859,84,166,3
26.2919,7.005,27.097,157,12.869,80,166,3
26.3129,6.892,26.803,153,12.878,89,166,3
26.3339,6.892,26.754,153,12.888,79,167,3
26.3549,8.7,27.047,195,12.897,83,167,3
26.3759,7.231,27.499,165,12.907,95,167,3
26.3969,10.282,28.125,239,12.918,94,167,3
26.4179,7.005,28.836,167,12.926,81,167,3
26.4389,7.457,28.949,179,12.937,93,166,3
26.4599,6.44,28.614,153,12.947,80,167,3
26.4809,7.005,28.449,165,12.958,64,167,3
26.5019,6.214,28.394,146,12.966,109,167,3
26.5229,6.214,28.394,146,12.975,109,166,3
26.5439,6.214,28.394,146,12.983,109,167,3
26.5649,4.406,28.286,103,12.992,80,166,3
26.5859,3.954,28.449,93,13.002,64,166,3
26.6069,4.858,28.836,116,13.013,64,166,3
26.6279,4.745,29.292,115,13.023,90,166,3
26.6489,7.005,29.943,174,13.034,83,165,3
26.6699,8.7,30.624,221,13.044,88,164,3
26.6909,12.88,31.204,333,13.055,86,164,3
26.71189,13.784,31.738,362,13.065,90,164,3
26.73289,14.01,31.807,369,13.078,90,164,3
26.75389,15.366,32.221,410,13.089,90,164,3
26.77489,10.96,33.011,300,13.099,91,165,3
26.79589,3.616,32.792,98,13.112,90,165,3
26.81689,3.051,32.221,81,13.122,133,166,3
26.83789,3.164,32.013,84,13.135,133,166,3
26.85889,3.164,31.738,83,13.146,70,167,3
26.87989,3.164,31.469,82,13.156,87,167,3
26.90089,2.599,31.469,68,13.167,118,168,3
26.92189,2.938,31.336,76,13.177,111,168,3
26.94289,1.243,31.336,32,13.19,89,168,3
26.96389,0,31.008,0,13.2,0,167,3
26.98489,0,30.561,0,13.211,0,167,3
27.00589,0,30.004,0,13.221,0,166,3
27.02689,3.616,29.234,88,13.232,111,165,3
27.04789,4.293,28.78,102,13.24,80,164,3
27.06889,4.519,28.178,105,13.251,82,163,3
27.08989,3.616,27.448,82,13.261,89,163,3
27.11089,3.616,26.706,80,13.27,75,161,3
27.13189,4.067,26.003,88,13.278,82,160,3
27.15289,3.841,25.337,81,13.289,73,159,3
27.17389,4.519,25.037,94,13.297,71,158,3
27.19489,4.519,25.037,94,13.306,71,157,3
27.21589,4.293,24.378,87,13.314,70,156,3
27.23689,3.954,23.868,78,13.323,74,156,3
27.25789,4.745,23.452,92,13.331,72,155,3
27.27889,3.954,23.305,76,13.339,72,155,3
27.29989,6.779,23.195,130,13.346,61,154,3
27.32089,6.553,23.378,127,13.354,64,153,3
27.34189,5.649,23.527,110,13.363,68,152,3
27.36289,6.44,23.677,126,13.371,71,151,3
27.38389,0.113,23.564,2,13.379,0,151,3
27.40489,0,22.56,0,13.388,0,151,3
27.42589,8.813,21.926,160,13.396,152,150,3
27.44689,7.118,22.39,132,13.403,69,150,3
27.46789,5.875,22.457,109,13.411,61,150,3
27.48889,4.745,22.629,89,13.42,64,149,3
27.50989,6.666,22.629,125,13.426,65,148,3
27.53089,4.632,22.768,87,13.434,65,148,3
27.55189,4.858,22.909,92,13.443,64,148,3
27.57289,1.695,22.663,32,13.451,75,148,3
27.59389,0,21.669,0,13.457,0,148,3
27.61489,22.484,21.265,396,13.466,69,148,3
27.63589,23.953,23.868,473,13.474,59,148,3
27.65689,11.863,25.688,252,13.483,67,148,3
27.67789,0,25.207,0,13.491,0,148,3
27.69889,0,23.984,0,13.5,0,148,3
27.71989,0,23.268,0,13.508,0,149,3
27.74089,0,22.56,0,13.517,0,149,3
27.76189,0,22.056,0,13.525,0,149,3
27.78289,10.847,22.188,199,13.531,136,148,3
27.80389,9.604,23.305,185,13.54,68,148,3
27.82489,9.604,23.305,185,13.548,68,148,3
27.84589,6.666,24.338,134,13.557,67,148,3
27.86689,8.248,24.58,168,13.565,70,148,3
27.88789,6.44,25.037,134,13.573,68,149,3
27.90889,6.101,24.953,126,13.584,68,149,3
27.92989,5.649,25.122,118,13.592,71,149,3
27.95089,6.44,24.827,132,13.601,71,149,3
27.97189,6.892,24.827,142,13.609,71,149,3
27.99289,6.779,24.911,140,13.618,70,149,3
28.01389,4.858,24.869,100,13.626,71,150,3
28.03489,4.745,24.911,98,13.635,70,150,3
28.05589,4.858,24.621,99,13.645,70,150,3
28.07689,13.784,25.079,286,13.654,73,149,3
28.09789,10.621,25.867,227,13.662,72,149,3
28.11889,8.474,26.187,184,13.67,74,149,3
28.13989,5.649,26.562,124,13.681,73,149,3
28.16089,4.519,26.61,100,13.689,75,149,3
28.18189,4.971,26.562,109,13.7,75,149,3
28.20289,5.423,26.754,120,13.708,75,149,3
28.22389,4.971,26.706,110,13.719,75,149,3
28.24489,6.666,26.754,148,13.727,84,149,3
28.26589,5.31,27.097,119,13.736,79,149,3
28.28689,4.858,27.601,111,13.746,81,150,3
28.30789,5.988,27.966,139,13.757,63,150,3
28.32889,7.231,27.861,167,13.765,79,151,3
28.34989,5.875,27.601,134,13.776,75,151,3
28.37089,6.101,27.296,138,13.784,77,151,3
28.39189,6.666,26.998,149,13.795,78,151,3
28.41289,6.327,26.803,140,13.803,77,152,3
28.43389,8.248,26.803,183,13.814,78,153,3
28.45489,6.779,26.515,149,13.822,80,153,3
28.47589,8.135,26.373,178,13.833,75,154,3
28.49689,7.909,26.562,174,13.841,75,155,3
28.51789,7.909,26.562,174,13.85,75,156,3
28.53889,7.231,26.233,157,13.86,74,157,3
28.55989,6.101,26.095,132,13.869,73,158,3
28.58089,6.101,26.095,132,13.877,73,158,3
28.60189,11.524,26.515,253,13.887,75,159,3
28.62289,8.926,26.851,198,13.896,75,160,3
28.64389,8.022,26.658,177,13.906,75,160,3
28.66489,8.022,27.047,180,13.915,75,160,3
28.68589,8.248,27.448,187,13.925,79,161,3
28.70689,9.378,27.55,214,13.934,78,161,3
28.72789,10.056,27.756,231,13.944,80,162,3
28.74889,7.005,28.072,163,13.955,77,162,3
28.76989,5.649,28.019,131,13.963,80,162,3
28.79089,5.988,27.861,138,13.974,80,163,3
28.81189,6.214,27.704,143,13.984,79,163,3
28.83289,7.005,27.499,159,13.993,79,162,3
28.85389,6.892,27.653,158,14.003,79,162,3
28.87489,7.118,27.861,164,14.012,78,162,3
28.89589,6.327,27.966,147,14.022,76,162,3
28.91689,7.909,28.125,184,14.033,82,162,3
28.93789,7.909,28.125,184,14.043,82,162,3
28.95889,7.344,28.178,171,14.054,86,162,3
28.97989,6.779,28.34,159,14.065,67,161,3
29.00089,6.666,28.34,156,14.073,78,161,3
29.02188,6.779,28.34,159,14.084,84,161,3
29.04288,6.327,28.394,149,14.094,93,162,3
29.06388,7.231,28.504,171,14.105,80,161,3
29.08488,7.344,28.504,173,14.113,80,161,3
29.10588,5.649,28.669,134,14.124,80,161,3
29.12688,6.327,28.669,150,14.134,72,161,3
29.14788,5.423,28.669,129,14.145,63,161,3
29.16888,5.649,28.559,134,14.153,106,161,3
29.18988,7.118,28.394,167,14.164,81,160,3
29.21088,6.666,28.286,156,14.174,81,160,3
29.23188,6.327,28.286,148,14.183,75,161,3
29.25288,6.101,28.34,143,14.193,79,161,3
29.27388,4.632,28.34,109,14.204,61,161,3
29.29488,5.875,28.178,137,14.214,61,161,3
29.31588,7.005,28.019,163,14.223,64,161,3
29.33688,8.135,28.072,189,14.233,64,161,3
29.35788,6.214,28.178,145,14.244,80,162,3
29.37888,4.067,27.861,94,14.252,78,162,3
29.39988,5.536,27.347,125,14.263,72,162,3
29.42088,5.875,27.246,133,14.271,61,162,3
29.44188,2.147,26.468,47,14.282,60,162,3
29.46288,7.683,25.599,163,14.29,76,162,3
29.48388,6.327,25.38,133,14.299,71,162,3
29.50488,2.599,25.079,54,14.307,83,161,3
29.52588,0.113,24.101,2,14.315,0,161,3
29.54688,0,22.944,0,14.324,0,161,3
29.56788,0,21.638,0,14.33,0,160,3
29.58888,0,20.615,0,14.339,0,160,3
29.60988,0,19.375,0,14.345,0,159,3
29.63088,0,18.62,0,14.351,0,159,3
29.65188,0,14.778,0,14.355,0,159,3
29.67288,0,11.263,0,14.36,0,158,3
29.69388,0.452,8.563,3,14.362,0,158,3
29.71488,43.951,9.218,335,14.366,64,158,3
29.73588,26.438,14.911,326,14.372,37,158,3
29.75688,21.693,18.597,334,14.379,54,157,3
29.77788,18.981,20.73,326,14.385,66,157,3
29.79888,5.31,23.159,102,14.393,84,158,3
29.81988,8.361,22.289,154,14.402,136,159,3
29.84088,11.411,22.909,216,14.41,93,159,3
29.86188,7.796,23.753,153,14.419,76,160,3
29.88288,12.88,24.022,256,14.427,83,161,3
29.90388,10.169,24.744,208,14.436,76,161,3
29.92488,8.813,25.164,184,14.444,75,161,3
29.94588,8.135,24.995,168,14.452,79,162,3
29.96688,8.135,24.995,168,14.461,79,162,3
29.98788,8.135,25.079,169,14.471,61,162,3
30.00888,7.683,25.207,160,14.48,79,163,3
30.02988,7.683,25.337,161,14.488,64,163,3
30.05088,7.909,25.511,167,14.497,80,163,3
30.07188,7.796,25.688,166,14.507,82,163,3
30.09288,7.231,25.867,155,14.516,82,164,3
30.11388,7.344,26.003,158,14.524,80,164,3
30.13488,9.039,26.095,195,14.533,81,165,3
30.15588,7.005,26.095,151,14.543,82,165,3
30.17688,8.587,25.958,185,14.552,79,166,3
30.19788,9.491,25.958,204,14.56,90,166,3
30.21888,7.57,25.912,162,14.57,83,166,3
30.23988,7.344,25.822,157,14.579,80,166,3
30.26088,6.779,25.777,145,14.587,86,166,3
30.28188,8.135,25.777,174,14.598,78,166,3
30.30288,3.954,25.822,85,14.606,72,166,3
30.32388,5.762,25.337,121,14.615,98,166,3
30.34488,7.683,25.337,161,14.623,72,166,3
30.36588,9.83,25.555,208,14.634,73,166,3
30.38688,9.265,25.867,198,14.642,72,165,3
30.40788,6.214,26.003,134,14.651,72,166,3
30.42888,6.44,25.777,137,14.659,74,166,3
30.44988,7.231,25.777,154,14.67,71,165,3
30.47088,8.135,26.327,177,14.678,75,166,3
30.49188,9.717,26.42,213,14.686,75,166,3
30.51288,8.474,26.851,188,14.697,73,166,3
30.53388,14.575,28.019,338,14.707,80,166,3
30.55488,12.654,29.35,308,14.718,81,166,3
30.57588,8.926,30.311,224,14.729,83,167,3
30.59688,5.988,30.815,153,14.739,86,167,3
30.61788,6.553,31.008,168,14.75,69,168,3
30.63888,5.988,31.27,155,14.76,87,169,3
30.65988,5.988,31.073,154,14.771,82,169,3
30.68088,11.524,31.469,300,14.781,82,170,3
30.70188,11.411,32.221,304,14.794,81,171,3
30.72288,8.587,32.792,233,14.804,83,171,3
30.74388,8.135,33.011,222,14.817,80,171,3
30.76488,4.519,32.938,123,14.828,79,172,3
30.78588,7.231,32.719,196,14.84,84,173,3
30.80688,4.067,32.647,110,14.851,80,173,3
30.82788,6.779,32.576,183,14.861,79,174,3
30.84888,13.106,33.085,359,14.874,80,174,3
30.86988,30.28,34.469,864,14.887,81,175,3
30.89088,40.11,38.903,1292,14.899,86,175,3
30.91188,34.347,41.87,1191,14.914,98,175,3
30.93288,35.477,44.644,1311,14.931,103,176,3
30.95388,32.427,46.757,1255,14.946,109,177,3
30.97488,31.523,48.438,1264,14.965,114,178,3
30.99588,27.229,49.905,1125,14.982,118,179,3
31.01688,14.462,51.11,612,14.998,118,181,3
31.03788,14.462,51.11,612,15.015,118,182,3
31.05888,14.462,51.11,612,15.032,118,183,3
31.07988,0,44.915,0,15.049,0,184,3
31.10088,0,43.339,0,15.064,0,185,3
31.12188,2.26,42.228,79,15.079,136,185,3
31.14288,2.599,41.518,89,15.093,95,185,3
31.16388,1.921,40.944,65,15.106,96,186,3
31.18488,0,40.497,0,15.121,0,186,3
31.20588,0,40.059,0,15.135,0,186,3
31.22688,0,39.42,0,15.148,0,185,3
31.24788,0,38.699,0,15.163,0,185,3
31.26888,0,37.055,0,15.175,0,185,3
31.28988,2.486,35.715,74,15.188,131,184,3
31.31087,2.373,35.123,69,15.201,72,183,3
31.33187,5.988,34.875,173,15.211,85,182,3
31.35287,5.197,34.631,149,15.224,82,181,3
31.37387,5.423,34.39,154,15.237,81,181,3
31.39487,4.293,34.073,121,15.247,65,179,3
31.41587,4.971,33.085,136,15.26,64,178,3
31.43687,6.666,32.292,178,15.27,75,178,3
31.45787,6.779,31.738,178,15.283,62,177,3
31.47887,9.943,31.603,260,15.294,79,176,3
31.49987,9.491,31.738,249,15.304,79,176,3
31.52087,6.327,31.402,165,15.315,65,175,3
31.54187,5.988,30.879,153,15.325,65,175,3
31.56287,6.779,30.373,170,15.336,95,175,3
31.58387,6.779,30.004,168,15.346,87,175,3
31.60487,7.457,29.644,183,15.357,84,175,3
31.62587,7.005,29.35,170,15.367,83,175,3
31.64687,9.265,29.062,223,15.378,82,174,3
31.66787,8.135,28.725,193,15.388,81,174,3
31.68887,7.683,28.34,180,15.397,81,174,3
31.70987,8.474,27.913,196,15.407,80,174,3
31.73087,8.022,27.601,183,15.418,80,174,3
31.75187,7.231,27.347,164,15.426,77,173,3
31.77287,8.248,27.097,185,15.437,70,173,3
31.79387,8.135,27.097,183,15.445,89,173,3
31.81487,5.31,27.347,120,15.456,76,173,3
31.83587,5.423,27.397,123,15.464,77,173,3
31.85687,4.858,27.756,112,15.475,60,173,3
31.87787,3.277,27.913,76,15.485,86,173,3
31.89887,3.051,28.019,71,15.494,86,173,3
31.91987,2.938,28.072,68,15.504,98,172,3
31.94087,3.39,28.125,79,15.515,133,172,3
31.96187,4.067,28.232,95,15.523,94,172,3
31.98287,4.406,28.725,105,15.534,81,172,3
32.00387,3.954,28.78,94,15.544,80,172,3
32.02487,4.18,29.12,101,15.555,93,171,3
32.04587,5.536,28.504,131,15.563,98,171,3
32.06687,8.7,28.34,204,15.574,77,171,3
32.08787,8.135,28.232,190,15.584,80,171,3
32.10887,6.892,28.125,160,15.593,88,171,3
32.12987,8.587,28.072,200,15.603,63,170,3
32.15087,9.152,28.178,214,15.614,85,170,3
32.17187,5.197,28.504,123,15.622,68,170,3
32.19287,7.683,28.504,181,15.633,64,170,3
32.21387,5.875,28.614,139,15.643,80,169,3
32.23487,7.231,28.949,173,15.654,81,169,3
32.25587,6.101,29.177,147,15.665,80,168,3
32.27687,6.214,29.177,150,15.673,83,168,3
32.29787,6.666,29.234,161,15.684,91,168,3
32.31887,6.892,29.062,166,15.694,89,168,3
32.33987,7.231,29.062,174,15.705,90,167,3
32.36087,6.101,29.006,147,15.715,71,167,3
32.38187,6.553,29.062,158,15.726,90,166,3
32.40287,5.423,29.234,131,15.734,82,166,3
32.42387,5.875,29.35,143,15.745,83,167,3
32.44487,4.971,29.644,122,15.755,68,167,3
32.46587,4.745,29.823,117,15.766,71,167,3
32.48687,4.632,29.943,115,15.776,57,167,3
32.50787,5.423,29.763,134,15.787,66,166,3
32.52887,4.632,29.644,114,15.797,80,166,3
32.54987,5.084,29.526,124,15.808,96,166,3
32.57087,5.875,29.644,144,15.818,73,166,3
32.59187,6.553,30.004,163,15.829,68,167,3
32.61287,5.31,30.249,133,15.839,78,167,3
32.63387,4.745,30.498,120,15.85,86,166,3
32.65487,4.519,30.561,114,15.861,86,167,3
32.67587,4.18,30.815,107,15.871,80,167,3
32.69687,4.406,30.943,113,15.882,89,167,3
32.71787,3.277,30.943,84,15.892,118,167,3
32.73887,2.825,30.879,72,15.905,99,166,3
32.75987,2.712,30.815,69,15.915,141,166,3
32.78087,3.841,30.687,98,15.926,86,166,3
32.80187,3.164,30.943,81,15.936,99,166,3
32.82287,3.616,30.561,91,15.947,113,165,3
32.84387,3.164,30.624,80,15.958,113,165,3
32.86487,3.164,30.498,80,15.968,141,164,3
32.88587,3.616,30.373,91,15.979,116,164,3
32.90687,4.971,30.249,125,15.989,116,164,3
32.92787,5.084,30.311,128,16,105,164,3
32.94887,4.971,30.435,125,16.01,106,163,3
32.96987,4.519,30.249,113,16.021,111,163,3
32.99087,3.954,30.126,99,16.031,94,163,3
33.01187,4.18,30.065,104,16.042,90,163,3
33.03287,3.616,30.249,91,16.052,95,163,3
33.05387,4.519,30.373,114,16.063,87,163,3
33.07487,4.971,30.624,126,16.076,70,163,3
33.09587,3.841,31.008,99,16.086,99,163,3
33.11687,3.164,31.204,82,16.097,87,162,3
33.13787,3.503,30.751,89,16.107,99,162,3
33.15887,4.858,30.249,122,16.118,174,162,3
33.17987,7.457,29.943,185,16.128,108,162,3
33.20087,5.988,29.644,147,16.139,96,162,3
33.22187,5.31,29.12,128,16.149,86,162,3
33.24287,8.474,28.78,202,16.158,91,162,3
33.26387,6.327,28.78,151,16.168,81,162,3
33.28487,3.39,28.286,79,16.179,80,163,3
33.30587,4.18,27.861,96,16.189,65,163,3
33.32687,0,27.397,0,16.198,0,162,3
33.34787,0,26.9,0,16.208,0,162,3
33.36887,0,26.187,0,16.217,0,162,3
33.38987,0,25.599,0,16.225,0,162,3
33.41087,0,25.293,0,16.234,0,160,3
33.43187,0,24.995,0,16.242,0,158,3
33.45287,0,24.378,0,16.251,0,157,3
33.47387,0,23.945,0,16.259,0,154,3
33.49487,0,23.527,0,16.267,0,154,3
33.51587,0,23.527,0,16.276,0,152,3
33.53687,8.813,22.663,165,16.284,183,151,3
33.55787,9.717,23.677,190,16.293,73,149,3
33.57887,2.825,24.258,57,16.301,82,149,3
33.59986,0,23.791,0,16.31,0,148,3
33.62086,0,23.268,0,16.318,0,148,3
33.64186,0,22.803,0,16.324,0,147,3
33.66286,0,22.322,0,16.333,0,146,3
33.68386,0,21.733,0,16.341,0,146,3
33.70486,12.315,22.056,225,16.348,91,143,3
33.72586,8.7,23.195,167,16.356,59,143,3
33.74686,7.457,23.906,148,16.364,87,143,3
33.76786,6.892,24.258,138,16.373,87,143,3
33.78886,5.649,24.459,114,16.381,68,142,3
33.80986,5.988,24.54,122,16.39,68,143,3
33.83086,5.31,24.621,108,16.4,68,142,3
33.85186,0.113,24.418,2,16.409,0,142,3
33.87286,0,24.022,0,16.417,0,142,3
33.89386,0,23.715,0,16.426,0,143,3
33.91486,0,23.602,0,16.432,0,143,3
33.93586,0,23.415,0,16.44,0,143,3
33.95686,3.164,23.452,61,16.449,89,143,3
33.97786,8.926,23.527,174,16.457,60,143,3
33.99886,11.976,24.258,241,16.466,69,143,3
34.01986,9.943,24.869,205,16.474,68,144,3
34.04086,8.926,25.122,186,16.485,72,144,3
34.06186,7.57,25.467,160,16.493,71,144,3
34.08286,7.57,25.467,160,16.501,71,144,3
34.10386,6.327,25.822,135,16.51,72,144,3
34.12486,5.197,25.688,111,16.52,87,144,3
34.14586,8.474,25.599,180,16.529,99,145,3
34.16686,7.118,25.555,151,16.537,72,145,3
34.18786,8.248,25.423,174,16.546,73,144,3
34.20886,11.298,25.38,237,16.556,72,144,3
34.22986,10.395,25.643,221,16.565,72,144,3
34.25086,7.57,25.732,161,16.573,72,144,3
34.27186,7.683,25.643,163,16.581,70,144,3
34.29286,7.683,25.688,163,16.592,73,144,3
34.31386,7.57,25.777,162,16.6,73,145,3
34.33486,6.44,26.095,139,16.609,73,145,3
34.35586,4.971,26.141,108,16.619,59,145,3
34.37686,5.875,25.958,126,16.628,72,146,3
34.39786,6.101,26.003,131,16.636,75,146,3
34.41886,4.519,26.141,98,16.647,73,146,3
34.43986,5.536,26.373,121,16.655,80,147,3
34.46086,4.519,26.515,99,16.664,82,147,3
34.48186,4.519,26.42,99,16.674,65,148,3
34.50286,5.988,26.468,131,16.683,75,148,3
34.52386,4.293,26.706,95,16.693,102,149,3
34.54486,4.519,26.754,100,16.702,77,149,3
34.56586,4.067,26.658,90,16.71,85,149,3
34.58686,3.616,26.515,79,16.721,74,149,3
34.60786,4.293,26.327,94,16.729,75,149,3
34.62886,4.632,26.42,101,16.74,75,149,3
34.64986,4.971,26.515,109,16.748,99,149,3
34.67086,2.712,26.327,59,16.756,75,149,3
34.69186,4.067,26.049,88,16.767,73,149,3
34.71286,5.31,26.049,115,16.775,73,150,3
34.73386,4.067,26.28,89,16.784,66,150,3
34.75486,4.632,26.468,102,16.794,75,150,3
34.77586,3.954,26.42,87,16.803,75,149,3
34.79686,4.519,26.373,99,16.813,72,149,3
34.81786,7.231,26.61,159,16.822,80,149,3
34.83886,7.231,26.61,159,16.83,80,149,3
34.85986,7.231,26.61,159,16.839,80,149,3
34.88086,7.796,27.448,177,16.849,78,148,3
34.90186,7.231,27.047,162,16.858,76,149,3
34.92286,5.988,26.562,132,16.866,91,149,3
34.94386,11.298,26.42,247,16.877,78,148,3
34.96486,9.943,26.61,219,16.885,75,148,3
34.98586,7.683,26.706,170,16.896,75,149,3
35.00686,5.875,26.61,129,16.904,75,148,3
35.02786,6.101,26.233,133,16.912,75,148,3
35.04886,6.553,25.912,141,16.923,64,148,3
35.06986,8.474,25.688,180,16.931,70,148,3
35.09086,5.988,25.511,126,16.94,82,148,3
35.11186,4.745,25.037,98,16.948,72,148,3
35.13286,3.277,24.179,66,16.957,103,148,3
35.15386,4.067,23.527,79,16.965,67,148,3
35.17486,4.971,23.123,95,16.974,84,148,3
35.19586,0,23.602,0,16.982,0,147,3
35.21686,0,23.829,0,16.99,0,147,3
35.23786,0,25.037,0,16.999,0,147,3
35.25886,0,25.643,0,17.007,0,147,3
35.27986,0,26.373,0,17.018,0,145,3
35.30086,0,26.851,0,17.026,0,145,3
35.32186,0.904,27.196,20,17.037,0,144,3
35.34286,0,28.072,0,17.047,0,144,3
35.36386,0,28.072,0,17.058,0,143,3
35.38486,0,29.763,0,17.068,0,143,3
35.40586,0,30.004,0,17.079,0,142,3
35.42686,0,30.187,0,17.089,0,141,3
35.44786,0,30.187,0,17.1,0,140,3
35.46886,0,30.498,0,17.111,0,137,3
35.48986,0,30.561,0,17.121,0,136,3
35.51086,0,30.751,0,17.134,0,136,3
35.53186,0,30.687,0,17.144,0,134,3
35.55286,1.695,30.687,43,17.155,94,133,3
35.57386,3.841,31.073,99,17.165,73,132,3
35.59486,2.373,31.204,61,17.176,64,132,3
35.61586,2.825,31.27,73,17.186,49,132,3
35.63686,2.373,31.336,62,17.199,65,133,3
35.65786,2.599,31.204,67,17.21,80,134,3
35.67886,2.373,31.073,61,17.22,74,134,3
35.69986,2.034,31.138,52,17.231,98,134,3
35.72086,3.503,31.204,90,17.241,68,133,3
35.74186,2.26,31.469,59,17.252,71,133,3
35.76286,0,31.008,0,17.264,0,134,3
35.78386,0,30.435,0,17.275,0,134,3
35.80486,0,30.065,0,17.286,0,133,3
35.82586,0,29.763,0,17.296,0,133,3
35.84686,0,29.526,0,17.304,0,132,3
35.86786,0,28.836,0,17.315,0,131,3
35.88885,0,28.232,0,17.326,0,131,3
35.90985,0,27.601,0,17.334,0,131,3
35.93085,0,27.097,0,17.345,0,130,3
35.95185,0,26.468,0,17.353,0,130,3
35.97285,0,25.732,0,17.364,0,130,3
35.99385,0,24.179,0,17.37,0,129,3
36.01485,0,22.629,0,17.378,0,127,3
36.03585,0,19.868,0,17.385,0,126,3
36.05685,0,16.505,0,17.391,0,124,3
36.07785,17.739,15.602,229,17.397,99,124,3
36.09885,25.761,19.451,415,17.404,54,123,3
36.11985,18.642,21.419,331,17.412,58,125,3
36.14085,17.739,24.418,359,17.42,63,125,3
36.16185,8.926,27.397,202,17.429,83,127,3
36.18285,0.339,27.246,8,17.439,0,128,3
36.20385,6.892,27.347,156,17.448,85,129,3
36.22485,6.779,27.499,154,17.458,83,130,3
36.24585,4.293,27.448,98,17.467,66,133,3
36.26685,4.293,26.233,93,17.477,67,133,3
36.28785,5.762,25.423,121,17.486,78,135,3
36.30885,7.909,24.827,163,17.494,59,137,3
36.32985,6.666,24.499,135,17.503,78,137,3
36.35085,9.039,24.14,181,17.511,78,138,3
36.37185,8.135,23.49,158,17.52,71,139,3
36.39285,8.7,22.909,165,17.528,70,140,3
36.41385,7.005,22.873,133,17.536,55,140,3
36.43485,8.135,22.663,153,17.543,57,140,3
36.45585,9.943,23.015,189,17.551,60,141,3
36.47685,13.558,23.305,262,17.56,64,142,3
36.49785,6.214,23.452,121,17.568,64,142,3
36.51885,9.491,23.753,187,17.576,64,142,3
36.53985,5.536,24.459,112,17.585,72,144,3
36.56085,5.875,24.827,121,17.593,72,145,3
36.58185,4.519,24.953,93,17.602,69,145,3
36.60285,4.519,24.995,94,17.61,64,145,3
36.62385,5.423,25.122,113,17.621,88,146,3
36.64485,4.406,25.122,92,17.629,75,147,3
36.66585,4.971,24.995,103,17.638,63,147,3
36.68685,5.084,24.827,105,17.646,75,147,3
36.70785,4.406,24.703,90,17.654,102,147,3
36.72885,5.31,24.869,109,17.663,106,147,3
36.74985,5.197,24.953,107,17.671,99,147,3
36.77085,4.745,25.207,99,17.682,79,147,3
36.79185,4.18,25.293,88,17.69,89,148,3
36.81285,4.18,25.293,88,17.699,89,148,3
36.83385,5.084,25.467,107,17.707,75,148,3
36.85485,3.616,25.643,77,17.718,78,148,3
36.87585,3.164,25.511,67,17.726,102,148,3
36.89685,3.164,25.511,67,17.735,102,149,3
36.91785,3.616,26.095,78,17.743,103,149,3
36.93885,8.248,26.187,179,17.753,80,149,3
36.95985,8.248,26.187,179,17.764,80,149,3
36.98085,6.327,27.756,145,17.775,74,150,3
37.00185,3.616,27.966,84,17.783,106,150,3
37.02285,3.728,28.072,87,17.794,76,151,3
37.04385,3.164,27.499,72,17.804,108,151,3
37.06485,2.712,27.448,62,17.812,131,152,3
37.08585,2.26,27.146,51,17.823,98,152,3
37.10685,2.712,26.949,61,17.831,105,152,3
37.12785,2.712,26.706,60,17.842,74,152,3
37.14885,2.712,26.327,59,17.85,94,152,3
37.16985,3.164,26.187,69,17.859,113,152,3
37.19085,2.938,26.141,64,17.869,77,152,3
37.21185,2.825,25.867,60,17.878,122,151,3
37.23285,2.825,25.688,60,17.886,120,150,3
37.25385,3.277,25.25,68,17.895,99,150,3
37.27485,3.503,24.953,72,17.905,59,150,3
37.29585,4.745,24.418,96,17.914,84,149,3
37.31685,7.118,24.662,145,17.922,95,149,3
37.33785,5.423,24.786,111,17.931,76,148,3
37.35885,4.745,24.827,98,17.939,57,147,3
37.37985,3.277,24.54,67,17.947,77,146,3
37.40085,5.875,24.418,119,17.956,114,146,3
37.42185,7.005,24.621,143,17.964,84,146,3
37.44285,7.005,24.869,144,17.973,63,145,3
37.46385,5.988,25.511,126,17.983,82,145,3
37.48485,0.339,25.467,7,17.992,0,145,3
37.50585,0,25.337,0,18,0,145,3
37.52685,0,24.786,0,18.009,0,145,3
37.54785,0,24.995,0,18.017,0,144,3
37.56885,0,23.305,0,18.025,0,144,3
37.58985,0,22.322,0,18.034,0,144,3
37.61085,0,22.803,0,18.042,0,143,3
37.63185,0,23.564,0,18.049,0,141,3
37.65285,0,24.621,0,18.059,0,140,3
37.67385,10.734,25.511,227,18.068,103,138,3
37.69485,18.191,28.286,426,18.078,90,138,3
37.71585,5.31,30.187,133,18.089,93,138,3
37.73685,3.616,30.687,92,18.099,77,139,3
37.75785,4.632,30.435,117,18.11,67,139,3
37.77885,3.277,29.703,81,18.12,86,139,3
37.79985,0.904,29.763,22,18.131,0,140,3
37.82085,0,30.624,0,18.141,0,140,3
37.84185,0.678,31.671,18,18.152,0,141,3
37.86285,2.599,32.938,71,18.162,95,141,3
37.88385,2.486,33.995,70,18.175,103,141,3
37.90485,0.678,34.469,19,18.188,0,140,3
37.92585,0,34.31,0,18.2,0,140,3
37.94685,0,33.458,0,18.211,0,140,3
37.96785,0,32.792,0,18.224,0,139,3
37.98885,0,32.504,0,18.234,0,139,3
38.00985,0,31.807,0,18.245,0,139,3
38.03085,6.44,31.336,167,18.255,146,139,3
38.05185,6.44,31.738,169,18.268,77,138,3
38.07285,6.101,32.152,162,18.278,80,138,3
38.09385,4.519,32.433,121,18.289,89,137,3
38.11485,3.277,32.362,88,18.302,118,137,3
38.13585,3.616,32.292,97,18.312,156,137,3
38.15685,5.762,32.152,153,18.323,106,137,3
38.17785,9.039,32.152,241,18.335,93,138,3
38.19884,9.152,32.719,248,18.346,87,138,3
38.21984,8.135,32.938,222,18.358,91,138,3
38.24084,8.135,32.938,222,18.369,94,138,3
38.26184,7.683,32.938,210,18.382,91,140,3
38.28284,8.7,32.362,233,18.392,94,141,3
38.30384,8.135,31.671,213,18.403,90,142,3
38.32484,5.31,31.073,137,18.413,88,143,3
38.34584,5.875,30.624,149,18.424,90,145,3
38.36684,9.039,30.249,226,18.434,88,145,3
38.38784,11.976,30.751,305,18.447,85,145,3
38.40884,11.185,31.469,291,18.458,86,146,3
38.42984,12.541,31.807,330,18.468,91,146,3
38.45084,9.83,32.362,263,18.479,90,147,3
38.47184,10.169,32.082,270,18.491,93,148,3
38.49284,11.298,32.082,300,18.502,89,149,3
38.51384,10.395,32.221,277,18.512,90,150,3
38.53484,13.219,32.082,351,18.525,90,151,3
38.55584,13.106,32.082,348,18.536,91,152,3
38.57684,12.993,32.152,346,18.546,90,154,3
38.59784,11.411,31.204,295,18.559,89,155,3
38.61884,12.88,31.073,331,18.569,87,156,3
38.63984,12.315,31.073,317,18.58,88,158,3
38.66084,9.83,31.27,254,18.59,87,160,3
38.68184,9.378,31.073,241,18.601,88,160,3
38.70284,9.604,31.073,247,18.611,88,161,3
38.72384,11.75,31.204,304,18.624,87,162,3
38.74484,9.943,31.536,260,18.635,87,163,3
38.76584,10.282,31.875,271,18.645,91,164,3
38.78684,12.767,32.292,341,18.658,89,165,3
38.80784,12.089,32.864,329,18.668,94,165,3
38.82884,10.96,33.383,303,18.681,94,165,3
38.84984,8.587,33.763,240,18.691,95,166,3
38.87084,8.7,33.995,245,18.704,94,167,3
38.89184,8.135,33.917,228,18.715,98,167,3
38.91284,8.813,34.152,249,18.727,96,167,3
38.93384,10.508,34.55,301,18.74,96,168,3
38.95484,7.118,35.123,207,18.753,98,168,3
38.97584,7.005,35.04,203,18.765,77,168,3
38.99684,11.298,35.374,331,18.776,88,168,3
39.01784,9.378,35.888,279,18.788,89,169,3
39.03884,8.587,36.151,257,18.801,91,169,3
39.05984,7.796,36.417,235,18.814,93,170,3
39.08084,7.118,36.417,215,18.826,93,170,3
39.10184,6.101,36.597,185,18.841,93,170,3
39.12284,7.231,36.417,218,18.854,93,170,3
39.14384,9.943,36.507,301,18.866,89,171,3
39.16484,8.813,36.597,267,18.879,96,171,3
39.18584,5.875,36.597,178,18.892,75,171,3
39.20684,5.649,36.507,171,18.904,73,171,3
39.22784,5.084,36.063,152,18.917,82,171,3
39.24884,7.683,35.802,228,18.93,85,172,3
39.26984,10.621,36.239,319,18.942,93,172,3
39.29084,12.428,36.962,380,18.955,93,172,3
39.31184,9.378,37.429,291,18.968,88,172,3
39.33284,9.378,37.429,291,18.98,88,173,3
39.35384,10.621,37.148,327,18.995,94,172,3
39.37484,9.152,37.619,285,19.008,96,173,3
39.39584,8.474,37.619,264,19.02,95,173,3
39.41684,10.395,37.908,326,19.033,96,173,3
39.43784,11.073,38.699,355,19.048,98,173,3
39.45884,8.022,39.211,260,19.06,96,173,3
39.47984,8.361,39.525,274,19.075,102,173,3
39.50084,0.339,39.42,11,19.088,0,173,3
39.52184,0,38.103,0,19.103,0,174,3
39.54284,0,36.87,0,19.115,0,173,3
39.56384,0,35.544,0,19.128,0,174,3
39.58484,0,34.39,0,19.138,0,173,3
39.60584,0,32.864,0,19.151,0,172,3
39.62684,0,31.008,0,19.162,0,172,3
39.64784,0,29.292,0,19.172,0,171,3
39.66884,0,26.998,0,19.181,0,171,3
39.68984,0,23.984,0,19.189,0,170,3
39.71084,0,21.893,0,19.197,0,169,3
39.73184,0,20.672,0,19.204,0,169,3
39.75284,0,17.901,0,19.21,0,168,3
39.77384,0,13.878,0,19.214,0,167,3
39.79484,0,9.495,0,19.219,0,166,3
39.81584,0,6.378,0,19.221,0,166,3
39.83684,0,6.378,0,19.221,0,164,3
39.85784,1.356,4.698,5,19.223,61,163,3
39.87884,18.981,4.942,78,19.225,86,163,3
39.89984,0,7.045,0,19.227,0,163,3
39.92084,0,6.734,0,19.229,0,162,3
39.94184,0,6.617,0,19.231,0,161,3
39.96284,0,5.879,0,19.233,0,160,3
39.98384,0,5.879,0,19.235,0,159,3
40.00484,0.904,5.879,4,19.235,0,158,3
40.02584,15.366,0,-1,19.235,0,157,3
40.04684,18.642,0,-1,19.235,0,155,3
40.06784,8.7,6.023,-1,19.237,0,154,3
40.08884,23.388,0,-1,19.237,0,153,3
40.10984,64.175,15.328,814,19.252,59,147,3
40.13084,10.169,21.765,183,19.261,116,148,3
40.15184,3.954,20.444,67,19.267,111,149,3
40.17284,6.214,20.332,105,19.275,146,150,3
40.19384,8.248,20.759,142,19.282,106,150,3
40.21484,6.892,20.964,120,19.29,73,152,3
40.23584,6.327,20.529,108,19.296,73,153,3
40.25684,0.678,19.71,11,19.303,0,153,3
40.27784,0,18.62,0,19.309,0,154,3
40.29884,4.632,16.959,65,19.315,94,154,3
40.31984,7.005,16.691,97,19.322,66,155,3
40.34084,20.563,17.295,294,19.328,65,154,3
40.36184,28.924,19.35,463,19.334,69,154,3
40.38284,25.987,21.235,457,19.341,78,154,3
40.40384,18.417,22.944,350,19.349,84,154,3
40.42484,8.813,23.753,173,19.358,90,154,3
40.44584,12.88,23.602,252,19.366,100,154,3
40.46684,11.411,24.219,229,19.374,81,154,3
40.48783,11.185,24.101,223,19.383,84,154,3
40.50883,10.734,24.14,215,19.391,83,154,3
40.52983,14.462,24.54,294,19.4,91,154,3
40.55083,11.073,24.499,225,19.408,83,155,3
40.57183,12.428,24.338,250,19.417,84,155,3
40.59283,10.282,24.418,208,19.427,85,156,3
40.61383,5.423,23.984,108,19.434,83,156,3
40.63483,6.779,23.232,130,19.442,79,157,3
40.65583,11.298,22.803,213,19.45,64,157,3
40.67683,13.332,22.56,249,19.459,63,158,3
40.69783,11.75,22.733,221,19.467,76,158,3
40.71883,11.185,23.015,213,19.474,80,158,3
40.73983,9.943,23.087,190,19.482,76,158,3
40.76083,10.847,23.49,211,19.49,79,158,3
40.78183,2.599,23.602,51,19.499,91,158,3
40.80283,2.712,22.768,51,19.507,156,158,3
40.82383,0.226,22.188,4,19.516,0,158,3
40.84483,0,21.606,0,19.522,0,158,3
40.86583,0,21.45,0,19.53,0,158,3
40.88683,0,21.45,0,19.539,0,158,3
40.90783,0,21.357,0,19.547,0,158,3
40.92883,0,21.265,0,19.554,0,157,3
40.94983,0,21.054,0,19.562,0,156,3
40.97083,0,20.817,0,19.568,0,156,3
40.99183,0.339,20.672,6,19.577,0,155,3
41.01283,6.779,20.817,117,19.583,94,155,3
41.03383,5.084,21.575,91,19.592,52,154,3
41.05483,6.666,22.155,122,19.598,45,153,3
41.07583,4.858,22.594,91,19.606,61,153,3
41.09683,3.051,22.98,58,19.615,64,151,3
41.11783,2.486,23.123,48,19.623,68,151,3
41.13883,0,22.803,0,19.632,0,150,3
41.15983,0,22.526,0,19.638,0,149,3
41.18083,0,22.39,0,19.646,0,148,3
41.20183,0,22.222,0,19.655,0,147,3
41.22283,0,22.188,0,19.661,0,146,3
41.24383,0,22.155,0,19.67,0,144,3
41.26483,0,22.089,0,19.678,0,143,3
41.28583,0,22.122,0,19.686,0,141,3
41.30683,0,22.056,0,19.693,0,140,3
41.32783,0,21.575,0,19.701,0,137,3
41.34883,0,21.296,0,19.708,0,134,3
41.36983,0,21.054,0,19.716,0,133,3
41.39083,0,20.73,0,19.722,0,132,3
41.41183,0,20.388,0,19.731,0,130,3
41.43283,0,19.632,0,19.737,0,129,3
41.45383,0,17.772,0,19.743,0,129,3
41.47483,0.452,16.978,6,19.75,0,128,3
41.49583,0,14.143,0,19.754,0,128,3
41.51683,8.926,12.497,92,19.758,88,128,3
41.53783,24.744,14.362,294,19.764,49,128,3
41.55883,21.128,17.135,300,19.769,68,129,3
41.57983,8.361,19.324,134,19.777,67,130,3
41.60083,11.75,20.615,201,19.783,75,131,3
41.62183,11.185,21.701,201,19.792,79,132,3
41.64283,10.395,22.491,194,19.8,80,132,3
41.66383,8.248,22.594,154,19.807,77,132,3
41.68483,8.474,23.829,167,19.815,75,132,3
41.70583,5.423,24.911,112,19.826,59,133,3
41.72683,3.051,25.732,65,19.834,98,133,3
41.74783,3.503,25.958,75,19.842,141,134,3
41.76883,3.954,26.141,86,19.851,77,135,3
41.78983,5.423,26.049,117,19.861,114,135,3
41.81083,4.858,26.049,105,19.87,118,135,3
41.83183,7.118,25.777,152,19.878,126,136,3
41.85283,6.214,25.293,130,19.889,88,137,3
41.87383,6.553,24.827,135,19.897,87,138,3
41.89483,8.135,24.298,164,19.906,84,138,3
41.91583,8.474,23.829,167,19.914,83,139,3
41.93683,12.202,23.415,237,19.923,82,139,3
41.95783,10.621,23.123,203,19.929,86,140,3
41.97883,15.366,22.423,285,19.937,88,141,3
41.99983,16.157,22.024,295,19.946,85,142,3
42.02083,25.422,22.122,466,19.952,85,143,3
42.04183,31.749,22.803,599,19.96,87,144,3
42.06283,28.359,23.123,543,19.969,87,145,3
42.08383,23.049,23.342,445,19.977,90,147,3
42.10483,8.926,22.698,168,19.986,89,148,3
42.12583,10.282,21.638,184,19.992,83,150,3
42.14683,10.169,21.114,178,20.001,80,152,3
42.16783,6.44,21.054,112,20.007,79,153,3
42.18883,6.214,21.084,108,20.015,63,154,3
42.20983,5.197,21.326,92,20.022,64,155,3
42.23083,5.197,21.893,94,20.03,67,156,3
42.25183,5.197,21.893,94,20.038,67,157,3
42.27283,6.44,23.602,126,20.047,54,157,3
42.29383,3.841,24.258,77,20.055,78,158,3
42.31483,3.277,24.827,67,20.064,94,158,3
42.33583,3.841,25.293,80,20.072,98,158,3
42.35683,8.248,25.337,173,20.081,94,157,3
42.37783,4.858,25.38,102,20.089,84,158,3
42.39883,5.536,25.122,115,20.1,88,158,3
42.41983,11.75,24.953,243,20.108,85,157,3
42.44083,14.575,25.599,309,20.116,87,157,3
42.46183,11.298,25.958,243,20.125,87,157,3
42.48283,11.298,25.599,239,20.135,88,157,3
42.50383,11.185,25.122,233,20.144,87,157,3
42.52483,10.056,24.54,204,20.152,86,158,3
42.54583,9.039,23.753,178,20.161,82,158,3
42.56683,5.197,22.56,97,20.167,78,158,3
42.58783,9.039,21.204,159,20.176,77,158,3
42.60883,5.988,20.193,100,20.182,72,158,3
42.62983,0,18.62,0,20.188,0,158,3
42.65083,0,16.111,0,20.194,0,158,3
42.67183,14.688,13.648,166,20.199,99,159,3
42.69283,28.02,15.456,359,20.205,53,158,3
42.71383,22.145,17.356,318,20.211,58,159,3
42.73483,19.885,19.684,324,20.218,72,158,3
42.75583,4.067,20.221,68,20.224,152,158,3
42.77682,17.852,19.868,294,20.232,89,158,3
42.79782,15.14,20.817,261,20.239,78,158,3
42.81882,10.621,21.296,187,20.247,80,159,3
42.83982,12.88,21.669,231,20.254,83,158,3
42.86082,8.926,21.733,161,20.262,86,158,3
42.88182,9.265,21.669,166,20.268,81,159,3
42.90282,8.361,21.669,150,20.277,85,158,3
42.92382,9.717,21.543,173,20.285,82,159,3
42.94482,12.88,21.638,231,20.291,85,158,3
42.96582,15.592,22.188,286,20.3,86,158,3
42.98682,12.993,22.803,245,20.308,86,158,3
43.00782,10.395,23.415,202,20.317,89,157,3
43.02882,8.587,23.305,166,20.323,91,157,3
43.04982,8.813,23.159,169,20.331,89,158,3
43.07082,5.423,22.944,103,20.34,71,157,3
43.09182,0,21.958,0,20.348,0,158,3
43.11282,7.457,21.024,130,20.355,131,158,3
43.13382,0,20.529,0,20.363,0,158,3
43.15482,0,19.249,0,20.369,0,157,3
43.17582,2.26,18.142,34,20.376,111,157,3
43.19682,21.693,18.209,327,20.382,85,156,3
43.21782,3.277,19.199,52,20.388,91,156,3
43.23882,0.113,17.815,2,20.395,0,156,3
43.25982,0,17.815,0,20.401,0,156,3
43.28082,0,10.898,0,20.405,0,156,3
43.30182,9.039,8.355,63,20.407,100,156,3
43.32282,47.567,9.453,372,20.412,55,156,3
43.34382,43.273,16.234,582,20.418,30,157,3
43.36482,25.422,19.426,409,20.424,60,157,3
43.38582,25.987,22.222,478,20.433,72,157,3
43.40682,5.423,22.526,101,20.441,118,157,3
43.42782,10.847,21.797,196,20.447,103,158,3
43.44882,9.152,21.765,165,20.456,74,158,3
43.46982,13.558,22.188,249,20.464,75,158,3
43.49082,10.847,22.803,205,20.471,76,158,3
43.51182,5.197,22.98,99,20.479,63,158,3
43.53282,6.892,22.768,130,20.487,76,158,3
43.55382,7.683,22.594,144,20.496,77,159,3
43.57482,7.344,22.768,138,20.502,80,159,3
43.59582,7.683,22.663,144,20.511,81,159,3
43.61682,6.553,22.873,124,20.519,62,159,3
43.63782,7.796,22.944,148,20.528,63,159,3
43.65882,7.118,22.873,135,20.536,75,159,3
43.67982,6.44,22.873,122,20.542,77,159,3
43.70082,5.423,22.98,103,20.551,77,159,3
43.72182,6.779,22.768,128,20.559,78,160,3
43.74282,6.666,22.838,126,20.568,63,161,3
43.76382,7.231,23.015,138,20.576,65,162,3
43.78482,6.327,22.526,118,20.582,75,162,3
43.80582,5.875,22.594,110,20.591,77,163,3
43.82682,7.683,22.698,144,20.599,79,163,3
43.84782,7.683,22.944,146,20.608,80,163,3
43.86882,5.649,22.56,106,20.614,80,163,3
43.88982,5.649,22.56,106,20.62,80,162,3
43.91082,5.084,22.255,94,20.629,81,162,3
43.93182,4.971,22.122,91,20.637,93,162,3
43.95282,4.858,21.991,88,20.643,99,160,3
43.97382,4.18,21.893,76,20.652,75,159,3
43.99482,5.423,21.926,98,20.658,75,158,3
44.01582,4.18,22.155,77,20.667,81,156,3
44.03682,4.067,22.089,74,20.675,88,156,3
44.05782,5.423,21.926,98,20.681,58,155,3
44.07882,5.084,21.991,93,20.69,69,154,3
44.09982,4.745,21.991,86,20.698,70,152,3
44.12082,4.18,21.893,76,20.705,65,151,3
44.14182,3.616,21.926,66,20.713,50,150,3
44.16282,3.616,21.893,66,20.721,50,149,3
44.18382,3.277,21.958,60,20.728,71,149,3
44.20482,3.051,22.089,56,20.736,75,149,3
44.22582,2.938,22.255,54,20.745,65,148,3
44.24682,3.164,22.39,59,20.751,66,146,3
44.26782,2.486,22.629,47,20.759,77,146,3
44.28882,0.113,22.698,2,20.768,0,146,3
44.30982,0,22.457,0,20.776,0,146,3
44.33082,0,22.457,0,20.785,0,145,3
44.35182,0,22.222,0,20.793,0,145,3
44.37282,0,22.222,0,20.802,0,144,3
44.39382,0,22.289,0,20.808,0,142,3
44.41482,0,22.024,0,20.816,0,142,3
44.43582,0,21.893,0,20.825,0,142,3
44.45682,0,21.958,0,20.831,0,142,3
44.47782,0,22.056,0,20.84,0,141,3
44.49882,0,20.73,0,20.846,0,141,3
44.51982,0,19.1,0,20.854,0,141,3
44.54082,0,18.62,0,20.861,0,140,3
44.56182,0,17.356,0,20.867,0,140,3
44.58282,0,16.128,0,20.871,0,139,3
44.60382,0,14.911,0,20.877,0,138,3
44.62482,0,12.27,0,20.88,0,137,3
44.64582,0,9.507,0,20.884,0,136,3
44.66682,0,7.327,0,20.886,0,136,3
44.68782,0,4.98,0,20.888,0,135,3
44.70882,1.808,4.98,7,20.888,39,136,3
44.72982,5.536,0,-1,20.888,0,136,3
44.75082,5.762,0,-1,20.888,0,136,3
44.77182,5.875,0,-1,20.888,0,136,3
44.79282,5.875,0,-1,20.888,0,135,3
44.81382,39.206,14.646,475,20.899,54,129,3
44.83482,20.337,19.762,333,20.907,56,129,3
44.85582,2.599,22.56,49,20.915,76,131,3
44.87682,15.14,22.56,283,20.922,114,132,3
44.89782,9.491,24.219,190,20.93,94,133,3
44.91882,0,26.468,0,20.941,0,136,3
44.93982,5.875,27.653,135,20.951,120,136,3
44.96082,2.147,29.292,52,20.96,120,136,3
44.98182,0,30.004,0,20.97,0,138,3
45.00282,0,30.561,0,20.983,0,139,3
45.02382,0,31.402,0,20.993,0,139,3
45.04482,0,32.013,0,21.004,0,139,3
45.06581,0,32.792,0,21.014,0,137,3
45.08681,0,32.576,0,21.027,0,136,3
45.10781,0,33.159,0,21.038,0,135,3
45.12881,0,32.864,0,21.05,0,135,3
45.14981,0,32.864,0,21.061,0,134,3
45.17081,0,32.938,0,21.073,0,134,3
45.19181,0,32.719,0,21.084,0,134,3
45.21281,0.904,32.362,24,21.097,0,134,3
45.23381,3.954,32.719,107,21.107,133,133,3
45.25481,0,32.792,0,21.118,0,133,3
45.27581,0,32.647,0,21.13,0,133,3
45.29681,0,32.292,0,21.141,0,133,3
45.31781,0,32.292,0,21.154,0,133,3
45.33881,1.356,31.875,36,21.164,108,132,3
45.35981,7.683,32.504,207,21.175,106,132,3
45.38081,2.147,32.647,58,21.187,95,131,3
45.40181,15.14,32.719,410,21.198,108,131,3
45.42281,4.406,33.686,123,21.211,111,132,3
45.44381,0.226,33.61,6,21.221,0,133,3
45.46481,0,33.233,0,21.234,0,134,3
45.48581,12.541,33.159,344,21.244,100,134,3
45.50681,16.835,34.957,487,21.257,96,135,3
45.52781,7.457,36.507,225,21.27,96,136,3
45.54881,10.847,37.335,335,21.284,77,136,3
45.56981,2.034,38.103,64,21.297,93,137,3
45.59081,0,37.429,0,21.31,0,139,3
45.61181,0,36.688,0,21.322,0,139,3
45.63281,2.486,36.151,74,21.335,113,140,3
45.65381,0.113,35.802,3,21.348,0,140,3
45.67481,0,35.123,0,21.36,0,142,3
45.69581,0,34.231,0,21.373,0,142,3
45.71681,0.904,33.308,25,21.383,0,142,3
45.73781,5.875,32.864,160,21.396,122,142,3
45.75881,1.356,32.864,37,21.407,103,143,3
45.77981,0.904,32.362,24,21.417,0,143,3
45.80081,4.067,32.152,108,21.43,118,143,3
45.82181,3.728,32.362,100,21.44,105,144,3
45.84281,1.921,32.221,51,21.451,96,144,3
45.86381,1.582,31.469,41,21.463,163,144,3
45.88481,13.671,31.536,357,21.474,113,144,3
45.90581,8.7,31.807,229,21.485,99,145,3
45.92681,7.231,31.008,186,21.495,98,145,3
45.94781,10.056,30.249,252,21.506,98,145,3
45.96881,8.587,29.703,211,21.516,91,145,3
45.98981,8.135,29.12,196,21.527,90,146,3
46.01081,11.637,28.504,275,21.537,90,146,3
46.03181,12.202,28.286,286,21.546,89,147,3
46.05281,10.847,27.966,251,21.556,87,148,3
46.07381,10.847,27.499,247,21.567,87,149,3
46.09481,10.395,27.246,234,21.575,85,149,3
46.11581,12.089,26.706,267,21.586,84,150,3
46.13681,14.801,26.851,329,21.594,82,151,3
46.15781,11.524,26.61,254,21.603,82,151,3
46.17881,13.219,26.373,289,21.613,83,152,3
46.19981,13.219,26.373,289,21.624,83,153,3
46.22081,14.01,26.187,304,21.634,81,153,3
46.24181,13.671,25.822,292,21.643,80,153,3
46.26281,13.219,25.688,281,21.651,81,154,3
46.28381,15.366,25.423,323,21.66,80,155,3
46.30481,13.784,25.25,288,21.668,81,155,3
46.32581,12.654,24.953,261,21.678,78,156,3
46.34681,12.428,24.378,251,21.687,80,157,3
46.36781,11.298,23.984,224,21.695,86,157,3
46.38881,13.106,23.527,255,21.704,80,158,3
46.40981,16.609,23.415,322,21.71,80,159,3
46.43081,10.96,23.159,210,21.719,80,159,3
46.45181,15.14,22.944,288,21.727,78,160,3
46.47281,12.654,23.342,245,21.735,81,160,3
46.49381,6.892,23.527,134,21.744,80,160,3
46.51481,6.101,23.087,117,21.752,105,160,3
46.53581,8.587,22.663,161,21.759,71,161,3
46.55681,2.373,22.594,44,21.767,102,161,3
46.57781,0,21.575,0,21.775,0,162,3
46.59881,0,20.472,0,21.782,0,162,3
46.61981,0,18.978,0,21.788,0,161,3
46.64081,0,18.978,0,21.794,0,162,3
46.66181,0,16.058,0,21.801,0,161,3
46.68281,0,13.699,0,21.805,0,162,3
46.70381,14.575,12.179,147,21.809,48,161,3
46.72481,27.907,13.917,322,21.813,35,161,3
46.74581,24.744,16.093,330,21.82,45,161,3
46.76681,22.032,17.858,326,21.826,52,161,3
46.78781,27.455,19.502,443,21.832,57,161,3
46.80881,23.162,20.672,396,21.841,62,160,3
46.82981,21.919,21.733,394,21.849,66,160,3
46.85081,19.998,22.698,376,21.856,68,160,3
46.87181,19.207,23.527,374,21.864,71,160,3
46.89281,6.779,24.219,136,21.872,96,161,3
46.91381,8.135,22.733,153,21.881,100,161,3
46.93481,14.123,22.356,261,21.889,79,161,3
46.95581,15.253,22.457,284,21.898,75,161,3
46.97681,8.587,22.698,161,21.904,103,162,3
46.99781,12.315,23.232,237,21.912,88,162,3
47.01881,10.734,23.342,207,21.921,66,162,3
47.03981,11.411,23.791,225,21.929,67,162,3
47.06081,7.457,23.829,147,21.938,73,162,3
47.08181,11.863,23.906,235,21.946,76,162,3
47.10281,6.892,24.418,139,21.955,72,163,3
47.12381,7.457,24.298,150,21.963,70,163,3
47.14481,6.553,24.621,134,21.971,68,163,3
47.16581,6.553,24.58,133,21.98,70,163,3
47.18681,5.762,24.703,118,21.988,69,163,3
47.20781,5.197,24.662,106,21.997,69,163,3
47.22881,4.18,24.621,85,22.007,71,163,3
47.24981,5.084,24.662,104,22.016,70,163,3
47.27081,3.616,24.459,73,22.024,69,162,3
47.29181,4.971,23.984,99,22.033,75,162,3
47.31281,0.226,23.087,4,22.039,0,161,3
47.33381,8.135,22.155,149,22.047,116,161,3
47.3548,5.536,21.893,100,22.056,69,160,3
47.3758,8.248,21.575,147,22.062,67,160,3
47.3968,2.373,21.543,42,22.071,66,160,3
47.4178,1.921,20.847,33,22.077,146,159,3
47.4388,0.565,20.304,9,22.085,0,159,3
47.4598,0.113,18.458,2,22.092,0,158,3
47.4808,0,16.998,0,22.096,0,157,3
47.5018,0,14.822,0,22.102,0,156,3
47.5228,8.022,12.701,84,22.106,57,156,3
47.5438,27.568,14.404,329,22.113,79,154,3
47.5648,25.761,18.231,389,22.119,56,153,3
47.5858,8.587,21.45,152,22.125,74,153,3
47.6068,1.13,21.054,20,22.134,163,153,3
47.6278,9.943,21.235,175,22.14,111,152,3
47.6488,6.666,22.255,123,22.149,68,152,3
47.6698,3.164,23.051,60,22.157,67,153,3
47.6908,0.452,23.123,9,22.165,0,152,3
47.7118,9.378,23.677,184,22.174,82,152,3
47.7328,3.277,24.459,66,22.182,54,151,3
47.7538,1.017,24.54,21,22.191,198,150,3
47.7748,7.118,24.744,146,22.199,120,149,3
47.7958,4.406,25.079,91,22.208,70,148,3
47.8168,1.808,25.122,38,22.216,68,147,3
47.8378,3.277,25.164,68,22.224,66,145,3
47.8588,2.486,25.207,52,22.235,99,144,3
47.8798,3.164,24.911,65,22.243,143,143,3
47.9008,3.503,25.164,73,22.252,79,142,3
47.9218,3.616,25.164,75,22.26,83,141,3
47.9428,4.293,25.38,90,22.269,82,141,3
47.9638,0.565,25.293,12,22.277,0,141,3
47.9848,3.503,25.079,73,22.288,163,140,3
48.0058,0,25.207,0,22.296,0,140,3
48.0268,0,24.995,0,22.305,0,139,3
48.0478,0,24.703,0,22.313,0,138,3
48.0688,0,24.499,0,22.321,0,134,3
48.0898,0,24.179,0,22.33,0,132,3
48.1108,0,23.639,0,22.338,0,132,3
48.1318,0,22.594,0,22.347,0,133,3
48.1528,0,21.296,0,22.353,0,132,3
48.1738,0,18.714,0,22.359,0,132,3
48.1948,0,14.852,0,22.366,0,133,3
48.2158,0,14.852,0,22.372,0,133,3
48.2368,0,8.308,0,22.374,0,133,3
48.2578,0.791,6.348,4,22.376,0,132,3
48.2788,46.437,7.411,285,22.38,59,131,3
48.2998,34.46,13.711,391,22.385,42,132,3
48.3208,19.998,18.667,309,22.393,40,132,3
48.3418,5.536,21.926,101,22.399,66,133,3
48.3628,2.034,22.56,38,22.408,174,134,3
48.3838,5.536,23.715,109,22.416,99,134,3
48.4048,0,24.995,0,22.425,0,134,3
48.4258,0,25.688,0,22.433,0,134,3
48.4468,0,25.822,0,22.444,0,133,3
48.4678,0,25.777,0,22.452,0,133,3
48.4888,0,25.958,0,22.461,0,133,3
48.5098,0,26.095,0,22.471,0,133,3
48.5308,0,26.28,0,22.479,0,133,3
48.5518,0,25.867,0,22.488,0,132,3
48.5728,0,24.459,0,22.496,0,132,3
48.5938,0,20.416,0,22.505,0,130,3
48.6148,0,16.691,0,22.509,0,130,3
48.6358,0,13.891,0,22.515,0,130,3
48.6568,0,13.07,0,22.52,0,131,3
48.6778,0,13.852,0,22.524,0,131,3
48.6988,0,12.614,0,22.528,0,131,3
48.7198,0.678,9.189,5,22.53,0,131,3
48.7408,30.619,10.18,258,22.536,42,131,3
48.7618,25.761,15.835,338,22.541,53,130,3
48.7828,21.015,20.994,365,22.549,63,130,3
48.8038,1.243,22.188,23,22.557,138,131,3
48.8248,0.226,21.054,4,22.564,0,132,3
48.8458,13.219,20.332,223,22.572,131,132,3
48.8668,16.722,21.054,291,22.579,61,132,3
48.8878,10.508,21.204,184,22.587,76,133,3
48.9088,9.604,21.024,167,22.593,79,133,3
48.9298,10.621,20.905,184,22.602,67,134,3
48.9508,8.135,20.788,140,22.608,67,135,3
48.9718,10.508,20.615,179,22.614,69,137,3
48.9928,12.428,20.847,215,22.623,72,138,3
49.0138,10.734,20.905,186,22.629,72,139,3
49.0348,9.039,21.024,157,22.638,71,140,3
49.0558,9.491,20.876,164,22.644,72,140,3
49.0768,8.7,20.847,150,22.652,70,140,3
49.0978,8.474,20.788,146,22.659,74,142,3
49.1188,8.135,20.529,138,22.667,66,143,3
49.1398,10.169,20.615,174,22.673,70,143,3
49.1608,9.717,21.054,169,22.682,71,143,3
49.1818,7.909,21.45,140,22.688,70,144,3
49.2028,6.101,21.084,107,22.697,71,145,3
49.2238,6.327,20.876,109,22.703,55,145,3
49.2448,5.423,20.643,93,22.709,52,146,3
49.2658,4.745,20.166,79,22.718,68,146,3
49.2868,4.858,20.221,81,22.724,73,147,3
49.3078,5.084,20.03,84,22.732,55,147,3
49.3288,2.147,19.922,35,22.739,60,147,3
49.3498,2.712,20.138,45,22.745,65,146,3
49.3708,0.113,20.276,2,22.754,0,146,3
49.3918,1.356,20.03,22,22.76,124,146,3
49.4128,3.277,20.221,55,22.766,52,145,3
49.4338,0.113,20.36,2,22.775,0,144,3
49.4548,0,20.193,0,22.781,0,144,3
49.4758,19.885,19.658,324,22.787,90,144,3
49.4968,24.179,24.54,491,22.798,63,143,3
49.5178,0.113,25.777,2,22.806,0,143,3
49.5388,0,25.079,0,22.815,0,143,3
49.5598,7.796,24.54,158,22.823,146,143,3
49.5808,36.946,26.233,802,22.834,70,143,3
49.6018,18.53,30.126,462,22.844,68,143,3
49.6228,0,29.823,0,22.855,0,143,3
49.6438,0,26.373,0,22.863,0,144,3
49.66479,0,22.698,0,22.869,0,145,3
49.68579,0,19.868,0,22.876,0,146,3
49.70679,0,14.432,0,22.882,0,147,3
49.72779,0.678,10.772,6,22.884,0,148,3
49.74879,0.339,9.501,3,22.888,0,147,3
49.76979,13.558,8.234,92,22.891,69,147,3
49.79079,10.847,8.313,75,22.893,44,146,3
49.81179,12.428,5.134,53,22.895,54,145,3
49.83279,3.39,5.453,15,22.897,86,145,3
49.85379,0.113,5.453,1,22.897,0,144,3
49.87479,0.791,0,-1,22.897,0,144,3
49.89579,0,0,-1,22.897,0,144,3
49.91679,0,0,-1,22.897,0,144,3
49.93779,0,0,-1,22.897,0,143,3
